celebrity_name,ballroom_partner,industry,home_state,home_country,age,season,results,final_placement,industry_clean,home_clean,placement_numeric
John O'Hurley,Charlotte Jorgensen,Actor/Actress,Maine,United States,50,1,2nd Place,2,Actor/Actress,"Maine, United States",2
Kelly Monaco,Alec Mazo,Actor/Actress,Pennsylvania,United States,29,1,1st Place,1,Actor/Actress,"Pennsylvania, United States",1
Evander Holyfield,Edyta Sliwinska,Athlete,Alabama,United States,42,1,Eliminated Week 3,5,Athlete,"Alabama, United States",5
Rachel Hunter,Jonathan Roberts,Model,,New Zealand,35,1,Eliminated Week 4,4,Model,New Zealand,4
Joey McIntyre,Ashly DelGrosso,Singer/Rapper,Massachusetts,United States,32,1,3rd Place,3,Singer/Rapper,"Massachusetts, United States",3
Trista Sutter,Louis van Amstel,TV Personality,Indiana,United States,32,1,Eliminated Week 2,6,TV Personality,"Indiana, United States",6
Tatum O'Neal,Nick Kosovich,Actor/Actress,California,United States,42,2,Eliminated Week 2,9,Actor/Actress,"California, United States",9
Tia Carrere,Maksim Chmerkoskiy,Actor/Actress,Hawaii,United States,39,2,Eliminated Week 5,6,Actor/Actress,"Hawaii, United States",6
George Hamilton,Edyta Sliwinska,Actor/Actress,Tennessee,United States,66,2,Eliminated Week 6,5,Actor/Actress,"Tennessee, United States",5
Lisa Rinna,Louis van Amstel,Actor/Actress,California,United States,42,2,Eliminated Week 7,4,Actor/Actress,"California, United States",4
Stacy Keibler,Tony Dovolani,Athlete,Maryland,United States,26,2,3rd Place,3,Athlete,"Maryland, United States",3
Jerry Rice,Anna Trebunskaya,Athlete,Mississippi,United States,43,2,2nd Place,2,Athlete,"Mississippi, United States",2
Giselle Fernandez,Jonathan Roberts,News Anchor,,Mexico,44,2,Eliminated Week 3,8,News Anchor,Mexico,8
Master P,Ashly DelGrosso,Singer/Rapper,Louisiana,United States,35,2,Eliminated Week 4,7,Singer/Rapper,"Louisiana, United States",7
Drew Lachey,Cheryl Burke,Singer/Rapper,Ohio,United States,29,2,1st Place,1,Singer/Rapper,"Ohio, United States",1
Kenny Mayne,Andrea Hale,Sports Broadcaster,Washington,United States,46,2,Eliminated Week 1,10,Sports Broadcaster,"Washington, United States",10
Harry Hamlin,Ashly DelGrosso,Actor/Actress,California,United States,54,3,Eliminated Week 3,9,Actor/Actress,"California, United States",9
Vivica A. Fox,Nick Kosovich,Actor/Actress,Indiana,United States,42,3,Eliminated Week 4,8,Actor/Actress,"Indiana, United States",8
Monique Coleman,Louis van Amstel,Actor/Actress,South Carolina,United States,25,3,Eliminated Week 8,4,Actor/Actress,"South Carolina, United States",4
Joey Lawrence,Edyta Sliwinska,Actor/Actress,Pennsylvania,United States,30,3,3rd Place,3,Actor/Actress,"Pennsylvania, United States",3
Mario Lopez,Karina Smirnoff,Actor/Actress,California,United States,32,3,2nd Place,2,Actor/Actress,"California, United States",2
Emmitt Smith,Cheryl Burke,Athlete,Florida,United States,37,3,1st Place,1,Athlete,"Florida, United States",1
Shanna Moakler,Jesse DeSoto,Model,Rhode Island,United States,31,3,Eliminated Week 2,10,Model,"Rhode Island, United States",10
Willa Ford,Maksim Chmerkoskiy,Singer/Rapper,Florida,United States,25,3,Eliminated Week 5,7,Singer/Rapper,"Florida, United States",7
Sara Evans,Tony Dovolani,Singer/Rapper,Missouri,United States,35,3,Withdrew,6,Singer/Rapper,"Missouri, United States",6
Jerry Springer,Kym Johnson,TV Personality,,England,62,3,Eliminated Week 7,5,TV Personality,England,5
Tucker Carlson,Elena Grinenko,TV Personality,California,United States,37,3,Eliminated Week 1,11,TV Personality,"California, United States",11
John Ratzenberger,Edyta Sliwinska,Actor/Actress,Connecticut,United States,59,4,Eliminated Week 7,6,Actor/Actress,"Connecticut, United States",6
Ian Ziering,Cheryl Burke,Actor/Actress,New Jersey,United States,42,4,Eliminated Week 9,4,Actor/Actress,"New Jersey, United States",4
Clyde Drexler,Elena Grinenko,Athlete,Louisiana,United States,44,4,Eliminated Week 5,8,Athlete,"Louisiana, United States",8
Laila Ali,Maksim Chmerkoskiy,Athlete,Florida,United States,29,4,3rd Place,3,Athlete,"Florida, United States",3
Apolo Anton Ohno,Julianne Hough,Athlete,Washington,United States,24,4,1st Place,1,Athlete,"Washington, United States",1
Shandi Finnessey,Brian Fortuna,Beauty Pagent,Missouri,United States,28,4,Eliminated Week 3,10,Beauty Pagent,"Missouri, United States",10
Paulina Porizkova,Alec Mazo,Model,,Czechoslovakia,41,4,Eliminated Week 2,11,Model,Czechoslovakia,11
Heather Mills,Jonathan Roberts,Model,,England,39,4,Eliminated Week 6,7,Model,England,7
Billy Ray Cyrus,Karina Smirnoff,Singer/Rapper,Kentucky,United States,45,4,Eliminated Week 8,5,Singer/Rapper,"Kentucky, United States",5
Joey Fatone,Kym Johnson,Singer/Rapper,New York,United States,30,4,2nd Place,2,Singer/Rapper,"New York, United States",2
Leeza Gibbons,Tony Dovolani,TV Personality,South Carolina,United States,50,4,Eliminated Week 4,9,TV Personality,"South Carolina, United States",9
Cameron Mathison,Edyta Sliwinska,Actor/Actress,,Canada,38,5,Eliminated Week 8,5,Actor/Actress,Canada,5
Jane Seymour,Tony Dovolani,Actor/Actress,,England,56,5,Eliminated Week 7,6,Actor/Actress,England,6
Sabrina Bryan,Mark Ballas,Actor/Actress,California,United States,23,5,Eliminated Week 6,7,Actor/Actress,"California, United States",7
Jennie Garth,Derek Hough,Actor/Actress,Illinois,United States,35,5,Eliminated Week 9,4,Actor/Actress,"Illinois, United States",4
Floyd Mayweather Jr. ,Karina Smirnoff,Athlete,Michigan,United States,30,5,Eliminated Week 4,9,Athlete,"Michigan, United States",9
Josie Maran,Alec Mazo,Model,California,United States,29,5,Eliminated Week 1,12,Model,"California, United States",12
Albert Reed,Anna Trebunskaya,Model,Florida,United States,22,5,Eliminated Week 2,11,Model,"Florida, United States",11
Helio Castroneves,Julianne Hough,Racing Driver,,Brazil,32,5,1st Place,1,Racing Driver,Brazil,1
Mel B,Maksim Chmerkoskiy,Singer/Rapper,,England,32,5,2nd Place,2,Singer/Rapper,England,2
Wayne Newton,Cheryl Burke,Singer/Rapper,Virginia,United States,65,5,Eliminated Week 3,10,Singer/Rapper,"Virginia, United States",10
Marie Osmond,Jonathan Roberts,Singer/Rapper,Utah,United States,47,5,3rd Place,3,Singer/Rapper,"Utah, United States",3
Mark Cuban,Kym Johnson,TV Personality,Pennsylvania,United States,49,5,Eliminated Week 5,8,TV Personality,"Pennsylvania, United States",8
Cristian de la Fuente,Cheryl Burke,Actor/Actress,,Chile,34,6,3rd Place,3,Actor/Actress,Chile,3
Steve Guttenberg,Anna Trebunskaya,Actor/Actress,New York,United States,49,6,Eliminated Week 3,10,Actor/Actress,"New York, United States",10
Priscilla Presley,Louis van Amstel,Actor/Actress,New York,United States,62,6,Eliminated Week 5,8,Actor/Actress,"New York, United States",8
Marlee Matlin,Fabian Sanchez,Actor/Actress,Illinois,United States,42,6,Eliminated Week 6,7,Actor/Actress,"Illinois, United States",7
Shannon Elizabeth,Derek Hough,Actor/Actress,Texas,United States,34,6,Eliminated Week 7,6,Actor/Actress,"Texas, United States",6
Marissa Jaret Winokur,Tony Dovolani,Actor/Actress,New York,United States,35,6,Eliminated Week 9,4,Actor/Actress,"New York, United States",4
Jason Taylor,Edyta Sliwinska,Athlete,Pennsylvania,United States,33,6,2nd Place,2,Athlete,"Pennsylvania, United States",2
Kristi Yamaguchi,Mark Ballas,Athlete,California,United States,36,6,1st Place,1,Athlete,"California, United States",1
Monica Seles,Jonathan Roberts,Athlete,,Yugoslavia,34,6,Eliminated Week 2,11,Athlete,Yugoslavia,11
Penn Jillette,Kym Johnson,Magician,Massachusetts,United States,53,6,Eliminated Week 2,12,Magician,"Massachusetts, United States",12
Adam Carolla,Julianne Hough,Radio Personality,California,United States,43,6,Eliminated Week 4,9,Radio Personality,"California, United States",9
Mario,Karina Smirnoff,Singer/Rapper,Maryland,United States,21,6,Eliminated Week 8,5,Singer/Rapper,"Maryland, United States",5
Ted McGinley,Inna Brayer,Actor/Actress,California,United States,50,7,Eliminated Week 1,12,Actor/Actress,"California, United States",12
Cloris Leachman,Corky Ballas,Actor/Actress,Iowa,United States,82,7,Eliminated Week 6,7,Actor/Actress,"Iowa, United States",7
Susan Lucci,Tony Dovolani,Actor/Actress,New York,United States,61,7,Eliminated Week 7,6,Actor/Actress,"New York, United States",6
Cody Linley,Julianne Hough,Actor/Actress,Texas,United States,18,7,Eliminated Week 9,4,Actor/Actress,"Texas, United States",4
Misty May-Treanor,Maksim Chmerkoskiy,Athlete,California,United States,31,7,Withdrew,10,Athlete,"California, United States",10
Maurice Greene,Cheryl Burke,Athlete,Kansas,United States,34,7,Eliminated Week 8,5,Athlete,"Kansas, United States",5
Warren Sapp,Kym Johnson,Athlete,Florida,United States,35,7,2nd Place,2,Athlete,"Florida, United States",2
Jeffrey Ross,Edyta Sliwinska,Comedian,New Jersey,United States,43,7,Eliminated Week 1,13,Comedian,"New Jersey, United States",13
Toni Braxton,Alec Mazo,Singer/Rapper,Maryland,United States,40,7,Eliminated Week 5,8,Singer/Rapper,"Maryland, United States",8
Lance Bass,Lacey Schwimmer,Singer/Rapper,Mississippi,United States,29,7,3rd Place,3,Singer/Rapper,"Mississippi, United States",3
Kim Kardashian,Mark Ballas,TV Personality,California,United States,27,7,Eliminated Week 2,11,TV Personality,"California, United States",11
Rocco DiSpirito,Karina Smirnoff,TV Personality,New York,United States,41,7,Eliminated Week 4,9,TV Personality,"New York, United States",9
Brooke Burke,Derek Hough,TV Personality,Connecticut,United States,37,7,1st Place,1,TV Personality,"Connecticut, United States",1
Gilles Marini,Cheryl Burke,Actor/Actress,,France,33,8,2nd Place,2,Actor/Actress,France,2
Denise Richards,Maksim Chmerkoskiy,Actor/Actress,Illinois,United States,38,8,Eliminated Week 3,12,Actor/Actress,"Illinois, United States",12
David Alan Grier,Kym Johnson,Actor/Actress,Michigan,United States,52,8,Eliminated Week 5,9,Actor/Actress,"Michigan, United States",9
Lawrence Taylor,Edyta Sliwinska,Athlete,Virginia,United States,50,8,Eliminated Week 7,7,Athlete,"Virginia, United States",7
Ty Murray,Chelsie Hightower,Athlete,Arizona,United States,39,8,Eliminated Week 10,4,Athlete,"Arizona, United States",4
Shawn Johnson,Mark Ballas,Athlete,Iowa,United States,17,8,1st Place,1,Athlete,"Iowa, United States",1
Steve Wozniak,Karina Smirnoff,Entrepreneur,California,United States,58,8,Eliminated Week 4,10,Entrepreneur,"California, United States",10
Belinda Carlisle,Jonathan Roberts,Singer/Rapper,California,United States,50,8,Eliminated Week 2,13,Singer/Rapper,"California, United States",13
Chuck Wicks,Julianne Hough,Singer/Rapper,Delaware,United States,29,8,Eliminated Week 8,6,Singer/Rapper,"Delaware, United States",6
Lil' Kim,Derek Hough,Singer/Rapper,New York,United States,34,8,Eliminated Week 9,5,Singer/Rapper,"New York, United States",5
Steve-O,Lacey Schwimmer,TV Personality,,England,34,8,Eliminated Week 6,8,TV Personality,England,8
Holly Madison,Dmitry Chaplin,TV Personality,Oregon,United States,30,8,Eliminated Week 4,11,TV Personality,"Oregon, United States",11
Melissa Rycroft,Tony Dovolani,TV Personality,Texas,United States,26,8,3rd Place,3,TV Personality,"Texas, United States",3
Ashley Hamiliton,Edyta Sliwinska,Actor/Actress,California,United States,34,9,Eliminated Week 1,16,Actor/Actress,"California, United States",16
Debi Mazar,Maksim Chmerkoskiy,Actor/Actress,New York,United States,45,9,Eliminated Week 3,12,Actor/Actress,"New York, United States",12
Melissa Joan Hart,Mark Ballas,Actor/Actress,New York,United States,33,9,Eliminated Week 6,9,Actor/Actress,"New York, United States",9
Mark Dacascos,Lacey Schwimmer,Actor/Actress,Hawaii,United States,45,9,Eliminated Week 7,6,Actor/Actress,"Hawaii, United States",6
Chuck Liddell,Anna Trebunskaya,Athlete,California,United States,39,9,Eliminated Week 4,11,Athlete,"California, United States",11
Natalie Coughlin,Alec Mazo,Athlete,California,United States,27,9,Eliminated Week 5,10,Athlete,"California, United States",10
Louie Vito,Chelsie Hightower,Athlete,Ohio,United States,21,9,Eliminated Week 6,8,Athlete,"Ohio, United States",8
Michael Irvin,Anna Demidova,Athlete,Florida,United States,43,9,Eliminated Week 7,7,Athlete,"Florida, United States",7
Joanna Krupa,Derek Hough,Model,,Poland,30,9,Eliminated Week 9,4,Model,Poland,4
Kathy Ireland,Tony Dovolani,Model,California,United States,46,9,Eliminated Week 2,14,Model,"California, United States",14
Tom DeLay,Cheryl Burke,Politician,Texas,United States,62,9,Withdrew,13,Politician,"Texas, United States",13
Macy Gray,Jonathan Roberts,Singer/Rapper,Ohio,United States,42,9,Eliminated Week 1,15,Singer/Rapper,"Ohio, United States",15
Aaron Carter,Karina Smirnoff,Singer/Rapper,Florida,United States,21,9,Eliminated Week 8,5,Singer/Rapper,"Florida, United States",5
Mya,Dmitry Chaplin,Singer/Rapper,Washington D.C.,United States,29,9,2nd Place,2,Singer/Rapper,"Washington D.C., United States",2
Donny Osmond,Kym Johnson,Singer/Rapper,Utah,United States,51,9,1st Place,1,Singer/Rapper,"Utah, United States",1
Kelly Osbourne,Louis van Amstel,TV Personality,,England,24,9,3rd Place,3,TV Personality,England,3
Aiden Turner,Edyta Sliwinska,Actor/Actress,,England,32,10,Eliminated Week 4,9,Actor/Actress,England,9
Shannen Doherty,Mark Ballas,Actor/Actress,Tennessee,United States,38,10,Eliminated Week 2,11,Actor/Actress,"Tennessee, United States",11
Niecy Nash,Louis van Amstel,Actor/Actress,California,United States,40,10,Eliminated Week 8,5,Actor/Actress,"California, United States",5
Buzz Aldrin,Ashly DelGrosso,Astronaut,New Jersey,United States,80,10,Eliminated Week 3,10,Astronaut,"New Jersey, United States",10
Chad Ochocinco,Cheryl Burke,Athlete,Florida,United States,32,10,Eliminated Week 9,4,Athlete,"Florida, United States",4
Evan Lysacek,Anna Trebunskaya,Athlete,Illinois,United States,24,10,2nd Place,2,Athlete,"Illinois, United States",2
Pamela Anderson,Damian Whitewood,Model,,Canada,42,10,Eliminated Week 7,6,Model,Canada,6
Nicole Scherzinger,Derek Hough,Singer/Rapper,Hawaii,United States,31,10,1st Place,1,Singer/Rapper,"Hawaii, United States",1
Erin Andrews,Maksim Chmerkoskiy,Sports Broadcaster,Maine,United States,32,10,3rd Place,3,Sports Broadcaster,"Maine, United States",3
Kate Gosselin,Tony Dovolani,TV Personality,Pennsylvania,United States,35,10,Eliminated Week 5,8,TV Personality,"Pennsylvania, United States",8
Jake Pavelka,Chelsie Hightower,TV Personality,Texas,United States,32,10,Eliminated Week 6,7,TV Personality,"Texas, United States",7
David Hasselhoff,Kym Johnson,Actor/Actress,Maryland,United States,58,11,Eliminated Week 1,12,Actor/Actress,"Maryland, United States",12
Florence Henderson,Corky Ballas,Actor/Actress,Indiana,United States,76,11,Eliminated Week 5,8,Actor/Actress,"Indiana, United States",8
Kyle Massey,Lacey Schwimmer,Actor/Actress,Georgia,United States,19,11,2nd Place,2,Actor/Actress,"Georgia, United States",2
Jennifer Grey,Derek Hough,Actor/Actress,New York,United States,50,11,1st Place,1,Actor/Actress,"New York, United States",1
Rick Fox,Cheryl Burke,Athlete,,Canada,41,11,Eliminated Week 7,6,Athlete,Canada,6
Kurt Warner,Anna Trebunskaya,Athlete,Iowa,United States,39,11,Eliminated Week 8,5,Athlete,"Iowa, United States",5
Margaret Cho,Louis van Amstel,Comedian,California,United States,41,11,Eliminated Week 3,10,Comedian,"California, United States",10
Michael Bolton,Chelsie Hightower,Singer/Rapper,Connecticut,United States,57,11,Eliminated Week 2,11,Singer/Rapper,"Connecticut, United States",11
Brandy,Maksim Chmerkoskiy,Singer/Rapper,Mississippi,United States,31,11,Eliminated Week 9,4,Singer/Rapper,"Mississippi, United States",4
The Situation,Karina Smirnoff,TV Personality,New York,United States,28,11,Eliminated Week 4,9,TV Personality,"New York, United States",9
Audrina Patridge,Tony Dovolani,TV Personality,California,United States,25,11,Eliminated Week 6,7,TV Personality,"California, United States",7
Bristol Palin,Mark Ballas,TV Personality,Alaska,United States,19,11,3rd Place,3,TV Personality,"Alaska, United States",3
Ralph Macchio,Karina Smirnoff,Actor/Actress,New York,United States,49,12,Eliminated Week 9,4,Actor/Actress,"New York, United States",4
Chelsea Kane,Mark Ballas,Actor/Actress,Arizona,United States,22,12,3rd Place,3,Actor/Actress,"Arizona, United States",3
Kirstie Alley,Maksim Chmerkoskiy,Actor/Actress,Kansas,United States,60,12,2nd Place,2,Actor/Actress,"Kansas, United States",2
Hines Ward,Kym Johnson,Athlete,,South Korea,35,12,1st Place,1,Athlete,South Korea,1
Sugar Ray Leonard,Anna Trebunskaya,Athlete,North Carolina,United States,54,12,Eliminated Week 4,9,Athlete,"North Carolina, United States",9
Chris Jericho,Cheryl Burke,Athlete,New York,United States,40,12,Eliminated Week 6,7,Athlete,"New York, United States",7
Petra Nemcova,Dmitry Chaplin,Model,,Czechoslovakia,31,12,Eliminated Week 5,8,Model,Czechoslovakia,8
Mike Catherwood,Lacey Schwimmer,Radio Personality,California,United States,32,12,Eliminated Week 2,11,Radio Personality,"California, United States",11
Romeo,Chelsie Hightower,Singer/Rapper,Louisiana,United States,21,12,Eliminated Week 8,5,Singer/Rapper,"Louisiana, United States",5
Wendy Williams,Tony Dovolani,TV Personality,New Jersey,United States,46,12,Eliminated Week 3,10,TV Personality,"New Jersey, United States",10
Kendra Wilkinson,Louis van Amstel,TV Personality,California,United States,25,12,Eliminated Week 7,6,TV Personality,"California, United States",6
Elisabetta Canalis,Valentin Chmerkovskiy,Actor/Actress,,Italy,33,13,Eliminated Week 2,11,Actor/Actress,Italy,11
David Arquette,Kym Johnson,Actor/Actress,Virginia,United States,40,13,Eliminated Week 7,6,Actor/Actress,"Virginia, United States",6
Ricki Lake,Derek Hough,Actor/Actress,New York,United States,42,13,3rd Place,3,Actor/Actress,"New York, United States",3
J.R. Martinez,Karina Smirnoff,Actor/Actress,Louisiana,United States,28,13,1st Place,1,Actor/Actress,"Louisiana, United States",1
Metta World Peace (Ron),Peta Murgatroyd,Athlete,New York,United States,31,13,Eliminated Week 1,12,Athlete,"New York, United States",12
Hope Solo,Maksim Chmerkoskiy,Athlete,Washington,United States,30,13,Eliminated Week 9,4,Athlete,"Washington, United States",4
Chynna Phillips,Tony Dovolani,Singer/Rapper,California,United States,43,13,Eliminated Week 4,9,Singer/Rapper,"California, United States",9
Kristin Cavallari,Mark Ballas,TV Personality,Colorado,United States,24,13,Eliminated Week 3,10,TV Personality,"Colorado, United States",10
Carson Kressley,Anna Trebunskaya,TV Personality,Pennsylvania,United States,41,13,Eliminated Week 5,8,TV Personality,"Pennsylvania, United States",8
Chaz Bono,Lacey Schwimmer,TV Personality,California,United States,42,13,Eliminated Week 6,7,TV Personality,"California, United States",7
Nancy Grace,Tristan MacManus,TV Personality,Georgia,United States,51,13,Eliminated Week 8,5,TV Personality,"Georgia, United States",5
Rob Kardashian,Cheryl Burke,TV Personality,California,United States,24,13,2nd Place,2,TV Personality,"California, United States",2
William Levy,Cheryl Burke,Actor/Actress,,Cuba,31,14,3rd Place,3,Actor/Actress,Cuba,3
Jack Wagner,Anna Trebunskaya,Actor/Actress,Missouri,United States,52,14,Eliminated Week 3,11,Actor/Actress,"Missouri, United States",11
Sherri Sheperd,Valentin Chmerkovskiy,Actor/Actress,Illinois,United States,44,14,Eliminated Week 4,10,Actor/Actress,"Illinois, United States",10
Jaleel White,Kym Johnson,Actor/Actress,California,United States,35,14,Eliminated Week 7,7,Actor/Actress,"California, United States",7
Roshon Fegan,Chelsie Hightower,Actor/Actress,California,United States,20,14,Eliminated Week 8,6,Actor/Actress,"California, United States",6
Melissa Gilbert,Maksim Chmerkoskiy,Actor/Actress,California,United States,47,14,Eliminated Week 8,5,Actor/Actress,"California, United States",5
Martina Navratilova,Tony Dovolani,Athlete,,Czechoslovakia,55,14,Eliminated Week 2,12,Athlete,Czechoslovakia,12
Donald Driver,Peta Murgatroyd,Athlete,Texas,United States,37,14,1st Place,1,Athlete,"Texas, United States",1
Gavin DeGraw,Karina Smirnoff,Singer/Rapper,New York,United States,35,14,Eliminated Week 5,9,Singer/Rapper,"New York, United States",9
Gladys Knight,Tristan MacManus,Singer/Rapper,Georgia,United States,67,14,Eliminated Week 6,8,Singer/Rapper,"Georgia, United States",8
Katherine Jenkins,Mark Ballas,Singer/Rapper,,Wales,31,14,2nd Place,2,Singer/Rapper,Wales,2
Maria Menounos,Derek Hough,TV Personality,Massachusetts,United States,33,14,Eliminated Week 9,4,TV Personality,"Massachusetts, United States",4
Gilles Marini,Peta Murgatroyd,Actor/Actress,,France,36,15,Eliminated Week 8,6,Actor/Actress,France,6
Sabrina Bryan,Louis van Amstel,Actor/Actress,California,United States,28,15,Eliminated Week 6,8,Actor/Actress,"California, United States",8
Kirstie Alley,Maksim Chmerkoskiy,Actor/Actress,Kansas,United States,61,15,Eliminated Week 8,7,Actor/Actress,"Kansas, United States",7
Kelly Monaco,Valentin Chmerkovskiy,Actor/Actress,Pennsylvania,United States,36,15,3rd Place,3,Actor/Actress,"Pennsylvania, United States",3
Apolo Anton Ohno,Karina Smirnoff,Athlete,Washington,United States,30,15,Eliminated Week 9,5,Athlete,"Washington, United States",5
Emmitt Smith,Cheryl Burke,Athlete,Florida,United States,43,15,Eliminated Week 9,4,Athlete,"Florida, United States",4
Shawn Johnson,Derek Hough,Athlete,Iowa,United States,20,15,2nd Place,2,Athlete,"Iowa, United States",2
Pamela Anderson,Tristan MacManus,Model,,Canada,45,15,Eliminated Week 1,13,Model,Canada,13
Helio Castroneves,Chelsie Hightower,Racing Driver,,Brazil,37,15,Eliminated Week 3,10,Racing Driver,Brazil,10
Joey Fatone,Kym Johnson,Singer/Rapper,New York,United States,35,15,Eliminated Week 2,12,Singer/Rapper,"New York, United States",12
Drew Lachey,Anna Trebunskaya,Singer/Rapper,Ohio,United States,36,15,Eliminated Week 3,11,Singer/Rapper,"Ohio, United States",11
Bristol Palin,Mark Ballas,TV Personality,Alaska,United States,21,15,Eliminated Week 4,9,TV Personality,"Alaska, United States",9
Melissa Rycroft,Tony Dovolani,TV Personality,Texas,United States,29,15,1st Place,1,TV Personality,"Texas, United States",1
Ingo Rademacher,Kym Johnson,Actor/Actress,,Germany,41,16,Eliminated Week 9,5,Actor/Actress,Germany,5
Zendaya,Valentin Chmerkovskiy,Actor/Actress,California,United States,16,16,2nd Place,2,Actor/Actress,"California, United States",2
Dorothy Hamill,Tristan MacManus,Athlete,Illinois,United States,56,16,Withdrew,12,Athlete,"Illinois, United States",12
Victor Ortiz,Lindsay Arnold,Athlete,Kansas,United States,26,16,Eliminated Week 6,8,Athlete,"Kansas, United States",8
Alexandra Raisman,Mark Ballas,Athlete,Massachusetts,United States,18,16,Eliminated Week 10,4,Athlete,"Massachusetts, United States",4
Jacoby Jones,Karina Smirnoff,Athlete,Louisiana,United States,28,16,3rd Place,3,Athlete,"Louisiana, United States",3
D. L. Hughley,Cheryl Burke,Comedian,Virginia,United States,50,16,Eliminated Week 5,9,Comedian,"Virginia, United States",9
Andy Dick,Sharna Burgess,Comedian,South Carolina,United States,47,16,Eliminated Week 7,7,Comedian,"South Carolina, United States",7
Wynonna Judd,Tony Dovolani,Singer/Rapper,Kentucky,United States,48,16,Eliminated Week 3,11,Singer/Rapper,"Kentucky, United States",11
Kellie Pickler,Derek Hough,Singer/Rapper,North Carolina,United States,26,16,1st Place,1,Singer/Rapper,"North Carolina, United States",1
Lisa Vanderpump,Gleb Savchenko,TV Personality,,England,52,16,Eliminated Week 4,10,TV Personality,England,10
Sean Lowe,Peta Murgatroyd,TV Personality,Texas,United States,29,16,Eliminated Week 8,6,TV Personality,"Texas, United States",6
Valerie Harper,Tristan MacManus,Actor/Actress,New York,United States,74,17,Eliminated Week 4,10,Actor/Actress,"New York, United States",10
Brant Daugherty,Peta Murgatroyd,Actor/Actress,Ohio,United States,28,17,Eliminated Week 8,7,Actor/Actress,"Ohio, United States",7
Elizabeth Berkley Lauren,Valentin Chmerkovskiy,Actor/Actress,Michigan,United States,39,17,Eliminated Week 9,6,Actor/Actress,"Michigan, United States",6
Leah Remini,Tony Dovolani,Actor/Actress,New York,United States,43,17,Eliminated Week 10,5,Actor/Actress,"New York, United States",5
Corbin Bleu,Karina Smirnoff,Actor/Actress,New York,United States,24,17,2nd Place,2,Actor/Actress,"New York, United States",2
Amber Riley,Derek Hough,Actor/Actress,California,United States,27,17,1st Place,1,Actor/Actress,"California, United States",1
Keyshawn Johnson,Sharna Burgess,Athlete,California,United States,41,17,Eliminated Week 2,12,Athlete,"California, United States",12
Bill Engvall,Emma Slater,Comedian,Texas,United States,56,17,Eliminated Week 11,4,Comedian,"Texas, United States",4
Christina Milian,Mark Ballas,Singer/Rapper,New Jersey,United States,31,17,Eliminated Week 5,9,Singer/Rapper,"New Jersey, United States",9
"Nicole ""Snooki"" Polizzi",Sasha Farber,TV Personality,,Chile,25,17,Eliminated Week 7,8,TV Personality,Chile,8
Jack Osbourne,Cheryl Burke,TV Personality,,England,27,17,3rd Place,3,TV Personality,England,3
Bill Nye,Tyne Stecklein,TV Personality,Washington D.C.,United States,57,17,Eliminated Week 3,11,TV Personality,"Washington D.C., United States",11
Billy Dee Williams,Emma Slater,Actor/Actress,New York,United States,76,18,Withdrew,10,Actor/Actress,"New York, United States",10
Danica McKellar,Valentin Chmerkovskiy,Actor/Actress,California,United States,39,18,Eliminated Week 8,6,Actor/Actress,"California, United States",6
James Maslow,Peta Murgatroyd,Actor/Actress,New York,United States,23,18,Eliminated Week 10,4,Actor/Actress,"New York, United States",4
Candace Cameron Bure,Mark Ballas,Actor/Actress,California,United States,37,18,3rd Place,3,Actor/Actress,"California, United States",3
Sean Avery,Karina Smirnoff,Athlete,,Canada,33,18,Eliminated Week 2,11,Athlete,Canada,11
Diana Nyad,Henry Byalikov,Athlete,New York,United States,64,18,Eliminated Week 2,12,Athlete,"New York, United States",12
Charlie White,Sharna Burgess,Athlete,Michigan,United States,26,18,Eliminated Week 9,5,Athlete,"Michigan, United States",5
Amy Purdy,Derek Hough,Athlete,Nevada,United States,34,18,2nd Place,2,Athlete,"Nevada, United States",2
Meryl Davis,Maksim Chmerkoskiy,Athlete,Michigan,United States,27,18,1st Place,1,Athlete,"Michigan, United States",1
Drew Carey,Cheryl Burke,Comedian,Ohio,United States,55,18,Eliminated Week 6,8,Comedian,"Ohio, United States",8
Cody Simpson,Witney Carson,Singer/Rapper,,Australia,17,18,Eliminated Week 5,9,Singer/Rapper,Australia,9
NeNe Leakes,Tony Dovolani,TV Personality,New York,United States,46,18,Eliminated Week 7,7,TV Personality,"New York, United States",7
Antonio Sabato Jr.,Cheryl Burke,Actor/Actress,,Italy,42,19,Eliminated Week 7,8,Actor/Actress,Italy,8
Jonathan Bennett,Allison Holker,Actor/Actress,Ohio,United States,33,19,Eliminated Week 6,9,Actor/Actress,"Ohio, United States",9
Lea Thompson,Artem Chigvintsev,Actor/Actress,Minnesota,United States,53,19,Eliminated Week 9,6,Actor/Actress,"Minnesota, United States",6
Janel Parrish,Valentin Chmerkovskiy,Actor/Actress,Hawaii,United States,25,19,3rd Place,3,Actor/Actress,"Hawaii, United States",3
Alfonso Ribeiro,Witney Carson,Actor/Actress,New York,United States,42,19,1st Place,1,Actor/Actress,"New York, United States",1
Lolo Jones,Keo Motsepe,Athlete,Iowa,United States,32,19,Eliminated Week 1,13,Athlete,"Iowa, United States",13
Randy Couture,Karina Smirnoff,Athlete,Washington,United States,51,19,Eliminated Week 3,11,Athlete,"Washington, United States",11
Tommy Chong,Peta Murgatroyd,Comedian,,Canada,76,19,Eliminated Week 10,5,Comedian,Canada,5
Betsey Johnson,Tony Dovolani,Fashion Designer,Connecticut,United States,72,19,Eliminated Week 4,10,Fashion Designer,"Connecticut, United States",10
Michael Waltrip,Emma Slater,Racing Driver,Kentucky,United States,51,19,Eliminated Week 8,7,Racing Driver,"Kentucky, United States",7
Tavis Smiley,Sharna Burgess,Radio Personality,Mississippi,United States,50,19,Eliminated Week 2,12,Radio Personality,"Mississippi, United States",12
Bethany Mota,Derek Hough,Social Media Personality,California,United States,18,19,Eliminated Week 11,4,Social Media Personality,"California, United States",4
Sadie Robertson,Mark Ballas,TV Personality,Louisiana,United States,17,19,2nd Place,2,TV Personality,"Louisiana, United States",2
Suzanne Somers,Tony Dovolani,Actor/Actress,California,United States,68,20,Eliminated Week 5,9,Actor/Actress,"California, United States",9
Willow Shields,Mark Ballas,Actor/Actress,New Mexico,United States,14,20,Eliminated Week 7,7,Actor/Actress,"New Mexico, United States",7
Riker Lynch,Allison Holker,Actor/Actress,Colorado,United States,23,20,2nd Place,2,Actor/Actress,"Colorado, United States",2
Rumer Willis,Valentin Chmerkovskiy,Actor/Actress,Kentucky,United States,26,20,1st Place,1,Actor/Actress,"Kentucky, United States",1
Nastia Liukin,Derek Hough,Athlete,,Russia,25,20,Eliminated Week 9,4,Athlete,Russia,4
Michael Sam,Peta Murgatroyd,Athlete,Texas,United States,25,20,Eliminated Week 4,10,Athlete,"Texas, United States",10
Robert Herjavec,Kym Johnson,Entrepreneur,,Croatia,52,20,Eliminated Week 8,6,Entrepreneur,Croatia,6
Charlotte McKinney,Keo Motsepe,Model,Florida,United States,21,20,Eliminated Week 3,11,Model,"Florida, United States",11
Noah Galloway,Sharna Burgess,Motivational Speaker,Alabama,United States,33,20,3rd Place,3,Motivational Speaker,"Alabama, United States",3
Redfoo,Emma Slater,Singer/Rapper,California,United States,39,20,Eliminated Week 2,12,Singer/Rapper,"California, United States",12
Patti LaBelle,Artem Chigvintsev,Singer/Rapper,Pennsylvania,United States,70,20,Eliminated Week 6,8,Singer/Rapper,"Pennsylvania, United States",8
Chris Soules,Witney Carson,TV Personality,Iowa,United States,33,20,Eliminated Week 8,5,TV Personality,"Iowa, United States",5
Gary Busey,Anna Trebunskaya,Actor/Actress,Texas,United States,71,21,Eliminated Week 4,10,Actor/Actress,"Texas, United States",10
Alexa PenaVega,Mark Ballas,Actor/Actress,Florida,United States,27,21,Eliminated Week 9,6,Actor/Actress,"Florida, United States",6
Carlos PenaVega,Witney Carson,Actor/Actress,Missouri,United States,26,21,Eliminated Week 11,4,Actor/Actress,"Missouri, United States",4
Victor Espinoza,Karina Smirnoff,Athlete,,Mexico,43,21,Eliminated Week 2,12,Athlete,Mexico,12
Alek Skarlatos,Lindsay Arnold,Military,California,United States,22,21,3rd Place,3,Military,"California, United States",3
Chaka Khan,Keo Motsepe,Singer/Rapper,Illinois,United States,62,21,Eliminated Week 2,13,Singer/Rapper,"Illinois, United States",13
Andy Grammer,Allison Holker,Singer/Rapper,California,United States,31,21,Eliminated Week 8,7,Singer/Rapper,"California, United States",7
Tamar Braxton,Valentin Chmerkovskiy,Singer/Rapper,Maryland,United States,38,21,Withdrew,5,Singer/Rapper,"Maryland, United States",5
Nick Carter,Sharna Burgess,Singer/Rapper,New York,United States,35,21,2nd Place,2,Singer/Rapper,"New York, United States",2
Hayes Grier,Emma Slater,Social Media Personality,North Carolina,United States,15,21,Eliminated Week 7,8,Social Media Personality,"North Carolina, United States",8
Bindi Irwin,Derek Hough,TV Personality,,Australia,17,21,1st Place,1,TV Personality,Australia,1
Kim Zolciak-Biermann,Tony Dovolani,TV Personality,Florida,United States,37,21,Withdrew,11,TV Personality,"Florida, United States",11
Paula Deen,Louis van Amstel,TV Personality,Georgia,United States,68,21,Eliminated Week 6,9,TV Personality,"Georgia, United States",9
Mischa Barton,Artem Chigvintsev,Actor/Actress,,England,30,22,Eliminated Week 3,11,Actor/Actress,England,11
Kim Fields,Sasha Farber,Actor/Actress,New York,United States,46,22,Eliminated Week 7,8,Actor/Actress,"New York, United States",8
Jodie Sweetin,Keo Motsepe,Actor/Actress,California,United States,34,22,Eliminated Week 8,6,Actor/Actress,"California, United States",6
Doug Flutie,Karina Smirnoff,Athlete,Maryland,United States,53,22,Eliminated Week 6,9,Athlete,"Maryland, United States",9
Von Miller,Witney Carson,Athlete,Texas,United States,27,22,Eliminated Week 7,7,Athlete,"Texas, United States",7
Antonio Brown,Sharna Burgess,Athlete,Florida,United States,27,22,Eliminated Week 9,5,Athlete,"Florida, United States",5
Paige VanZant,Mark Ballas,Athlete,Oregon,United States,22,22,2nd Place,2,Athlete,"Oregon, United States",2
Geraldo Rivera,Edyta Sliwinska,Journalist,New York,United States,72,22,Eliminated Week 2,12,Journalist,"New York, United States",12
Nyle DiMarco,Peta Murgatroyd,Model,New York,United States,26,22,1st Place,1,Model,"New York, United States",1
Ginger Zee,Valentin Chmerkovskiy,News Anchor,California,United States,35,22,3rd Place,3,News Anchor,"California, United States",3
Wanya Morris,Lindsay Arnold,Singer/Rapper,Pennsylvania,United States,42,22,Eliminated Week 9,4,Singer/Rapper,"Pennsylvania, United States",4
Marla Maples,Tony Dovolani,TV Personality,Georgia,United States,52,22,Eliminated Week 4,10,TV Personality,"Georgia, United States",10
Jake T. Austin,Jenna Johnson,Actor/Actress,New York,United States,21,23,Eliminated Week 2,13,Actor/Actress,"New York, United States",13
Maureen McCormick,Artem Chigvintsev,Actor/Actress,California,United States,60,23,Eliminated Week 7,8,Actor/Actress,"California, United States",8
Marilu Henner,Derek Hough,Actor/Actress,Illinois,United States,64,23,Eliminated Week 9,6,Actor/Actress,"Illinois, United States",6
Ryan Lochte,Cheryl Burke,Athlete,New York,United States,32,23,Eliminated Week 8,7,Athlete,"New York, United States",7
Calvin Johnson Jr.,Lindsay Arnold,Athlete,Georgia,United States,30,23,3rd Place,3,Athlete,"Georgia, United States",3
Laurie Hernandez,Valentin Chmerkovskiy,Athlete,New Jersey,United States,16,23,1st Place,1,Athlete,"New Jersey, United States",1
Amber Rose,Maksim Chmerkoskiy,Model,Pennsylvania,United States,32,23,Eliminated Week 6,9,Model,"Pennsylvania, United States",9
Rick Perry,Emma Slater,Politician,Texas,United States,66,23,Eliminated Week 3,12,Politician,"Texas, United States",12
James Hinchcliffe,Sharna Burgess,Racing Driver,,Canada,29,23,2nd Place,2,Racing Driver,Canada,2
Babyface,Allison Holker,Singer/Rapper,Indiana,United States,57,23,Eliminated Week 4,11,Singer/Rapper,"Indiana, United States",11
Vanilla Ice,Witney Carson,Singer/Rapper,Texas,United States,48,23,Eliminated Week 4,10,Singer/Rapper,"Texas, United States",10
Jana Kramer,Gleb Savchenko,Singer/Rapper,Michigan,United States,32,23,Eliminated Week 11,4,Singer/Rapper,"Michigan, United States",4
Terra Jole,Sasha Farber,TV Personality,Texas,United States,36,23,Eliminated Week 10,5,TV Personality,"Texas, United States",5
Charo,Keo Motsepe,Actor/Actress,,Spain,66,24,Eliminated Week 3,11,Actor/Actress,Spain,11
Mr. T,Kym Herjavec,Actor/Actress,Illinois,United States,64,24,Eliminated Week 4,10,Actor/Actress,"Illinois, United States",10
Heather Morris,Maksim Chmerkoskiy,Actor/Actress,California,United States,30,24,Eliminated Week 6,8,Actor/Actress,"California, United States",8
Nancy Kerrigan,Artem Chigvintsev,Athlete,Massachusetts,United States,47,24,Eliminated Week 7,7,Athlete,"Massachusetts, United States",7
Bonner Bolton,Sharna Burgess,Athlete,Texas,United States,29,24,Eliminated Week 8,5,Athlete,"Texas, United States",5
Simone Biles,Sasha Farber,Athlete,Ohio,United States,20,24,Eliminated Week 9,4,Athlete,"Ohio, United States",4
David Ross,Lindsay Arnold,Athlete,Georgia,United States,40,24,2nd Place,2,Athlete,"Georgia, United States",2
Rashad Jennings,Emma Slater,Athlete,Virginia,United States,32,24,1st Place,1,Athlete,"Virginia, United States",1
Chris Kattan,Witney Carson,Comedian,California,United States,46,24,Eliminated Week 2,12,Comedian,"California, United States",12
Erika Jayne,Gleb Savchenko,Singer/Rapper,Georgia,United States,45,24,Eliminated Week 5,9,Singer/Rapper,"Georgia, United States",9
Normani,Valentin Chmerkovskiy,Singer/Rapper,Georgia,United States,20,24,3rd Place,3,Singer/Rapper,"Georgia, United States",3
Nick Viall,Peta Murgatroyd,TV Personality,Wisconsin,United States,36,24,Eliminated Week 7,6,TV Personality,"Wisconsin, United States",6
Sasha Pieterse,Gleb Savchenko,Actor/Actress,,South Africa,21,25,Eliminated Week 5,10,Actor/Actress,South Africa,10
Frankie Muniz,Witney Carson,Actor/Actress,New Jersey,United States,31,25,3rd Place,3,Actor/Actress,"New Jersey, United States",3
Jordan Fisher,Lindsay Arnold,Actor/Actress,Alabama,United States,23,25,1st Place,1,Actor/Actress,"Alabama, United States",1
Derek Fisher,Sharna Burgess,Athlete,Arkansas,United States,43,25,Eliminated Week 4,11,Athlete,"Arkansas, United States",11
Nikki Bella,Artem Chigvintsev,Athlete,California,United States,33,25,Eliminated Week 7,8,Athlete,"California, United States",8
Terrell Owens,Cheryl Burke,Athlete,Alabama,United States,43,25,Eliminated Week 8,6,Athlete,"Alabama, United States",6
Victoria Arlen,Valentin Chmerkovskiy,Athlete,New Hamshire,United States,22,25,Eliminated Week 9,5,Athlete,"New Hamshire, United States",5
Barbara Corcoran,Keo Motsepe,Entrepreneur,New Jersey,United States,68,25,Eliminated Week 2,13,Entrepreneur,"New Jersey, United States",13
Lindsey Stirling,Mark Ballas,Musician,California,United States,31,25,2nd Place,2,Musician,"California, United States",2
Debbie Gibson,Alan Bersten,Singer/Rapper,New York,United States,47,25,Eliminated Week 2,12,Singer/Rapper,"New York, United States",12
Nick Lachey,Peta Murgatroyd,Singer/Rapper,Kentucky,United States,43,25,Eliminated Week 6,9,Singer/Rapper,"Kentucky, United States",9
Drew Scott,Emma Slater,TV Personality,,Canada,39,25,Eliminated Week 10,4,TV Personality,Canada,4
Vanessa Lachey,Maksim Chmerkoskiy,TV Personality,,Philippines,36,25,Eliminated Week 7,7,TV Personality,Philippines,7
Jamie Anderson,Artem Chigvintsev,Athlete,California,United States,27,26,Eliminated Week 1,10,Athlete,"California, United States",10
Johnny Damon,Emma Slater,Athlete,Kansas,United States,44,26,Eliminated Week 1,9,Athlete,"Kansas, United States",9
Kareem Abdul-Jabbar,Lindsay Arnold,Athlete,New York,United States,71,26,Eliminated Week 2,8,Athlete,"New York, United States",8
Arike Ogunbowale,Gleb Savchenko,Athlete,Wisconsin,United States,21,26,Eliminated Week 2,7,Athlete,"Wisconsin, United States",7
Jennie Finch Daigle,Keo Motsepe,Athlete,California,United States,37,26,Eliminated Week 3,6,Athlete,"California, United States",6
Chris Mazdzer,Witney Carson,Athlete,Massachusetts,United States,29,26,Eliminated Week 3,5,Athlete,"Massachusetts, United States",5
Mirai Nagasu,Alan Bersten,Athlete,California,United States,25,26,Eliminated Week 3,4,Athlete,"California, United States",4
Tonya Harding,Sasha Farber,Athlete,Oregon,United States,47,26,3rd Place,3,Athlete,"Oregon, United States",3
Josh Norman,Sharna Burgess,Athlete,South Carolina,United States,30,26,2nd Place,2,Athlete,"South Carolina, United States",2
Adam Rippon,Jenna Johnson,Athlete,Pennsylvania,United States,28,26,1st Place,1,Athlete,"Pennsylvania, United States",1
Juan Pablo Di Pace,Cheryl Burke,Actor/Actress,,Argentina,39,27,Eliminated Week 8,5,Actor/Actress,Argentina,5
Evanna Lynch,Keo Motsepe,Actor/Actress,,Ireland,27,27,3rd Place,3,Actor/Actress,Ireland,3
Nancy McKeon,Valentin Chmerkovskiy,Actor/Actress,New York,United States,52,27,Eliminated Week 3,11,Actor/Actress,"New York, United States",11
John Schneider,Emma Slater,Actor/Actress,New York,United States,58,27,Eliminated Week 7,8,Actor/Actress,"New York, United States",8
Milo Manheim,Witney Carson,Actor/Actress,California,United States,17,27,2nd Place,2,Actor/Actress,"California, United States",2
Danelle Umstead,Artem Chigvintsev,Athlete,New Mexico,United States,46,27,Eliminated Week 2,12,Athlete,"New Mexico, United States",12
Mary Lou Retton,Sasha Farber,Athlete,West Virginia,United States,50,27,Eliminated Week 6,9,Athlete,"West Virginia, United States",9
DeMarcus Ware,Lindsay Arnold,Athlete,Alabama,United States,36,27,Eliminated Week 7,7,Athlete,"Alabama, United States",7
Nikki Glaser,Gleb Savchenko,Comedian,Ohio,United States,34,27,Eliminated Week 1,13,Comedian,"Ohio, United States",13
Bobby Bones,Sharna Burgess,Radio Personality,Arkansas,United States,38,27,1st Place,1,Radio Personality,"Arkansas, United States",1
Tinashe,Brandon Armstrong,Singer/Rapper,Kentucky,United States,25,27,Eliminated Week 4,10,Singer/Rapper,"Kentucky, United States",10
Alexis Ren,Alan Bersten,Social Media Personality,California,United States,21,27,4th Place,4,Social Media Personality,"California, United States",4
Joe Amabile,Jenna Johnson,TV Personality,Illinois,United States,32,27,Eliminated Week 8,6,TV Personality,"Illinois, United States",6
Kate Flannery,Pasha Pashkov,Actor/Actress,Pennsylvania,United States,55,28,Eliminated Week 8,7,Actor/Actress,"Pennsylvania, United States",7
James Van Der Beek,Emma Slater,Actor/Actress,Connecticut,United States,42,28,Eliminated Week 10,5,Actor/Actress,"Connecticut, United States",5
Kel Mitchell,Witney Carson,Actor/Actress,Illinois,United States,41,28,2nd Place,2,Actor/Actress,"Illinois, United States",2
Ray Lewis,Cheryl Burke,Athlete,Florida,United States,44,28,Withdrew,11,Athlete,"Florida, United States",11
Lamar Odom,Peta Murgatroyd,Athlete,New York,United States,39,28,Eliminated Week 4,10,Athlete,"New York, United States",10
Sailor Brinkley-Cook,Valentin Chmerkovskiy,Model,New York,United States,21,28,Eliminated Week 6,9,Model,"New York, United States",9
Sean Spicer,Lindsay Arnold,Politician,New York,United States,48,28,Eliminated Week 9,6,Politician,"New York, United States",6
Mary Wilson,Brandon Armstrong,Singer/Rapper,Nevada,United States,75,28,Eliminated Week 2,12,Singer/Rapper,"Nevada, United States",12
Lauren Alaina,Gleb Savchenko,Singer/Rapper,Georgia,United States,24,28,4th Place,4,Singer/Rapper,"Georgia, United States",4
Ally Brooke,Sasha Farber,Singer/Rapper,Texas,United States,26,28,3rd Place,3,Singer/Rapper,"Texas, United States",3
Karamo Brown,Jenna Johnson,TV Personality,Texas,United States,38,28,Eliminated Week 7,8,TV Personality,"Texas, United States",8
Hannah Brown,Alan Bersten,TV Personality,Alabama,United States,24,28,1st Place,1,TV Personality,"Alabama, United States",1
Anne Heche,Keo Motsepe,Actor/Actress,Ohio,United States,51,29,Eliminated Week 4,13,Actor/Actress,"Ohio, United States",13
Jesse Metcalfe,Sharna Burgess,Actor/Actress,California,United States,41,29,Eliminated Week 5,12,Actor/Actress,"California, United States",12
Chrishell Stause,Gleb Savchenko,Actor/Actress,Kentucky,United States,39,29,Eliminated Week 8,8,Actor/Actress,"Kentucky, United States",8
Skai Jackson,Alan Bersten,Actor/Actress,New York,United States,18,29,Eliminated Week 10,5,Actor/Actress,"New York, United States",5
Justina Machado,Sasha Farber,Actor/Actress,Illinois,United States,48,29,4th Place,4,Actor/Actress,"Illinois, United States",4
Charles Oakley,Emma Slater,Athlete,Ohio,United States,56,29,Eliminated Week 2,15,Athlete,"Ohio, United States",15
Veron Davis,Peta Murgatroyd,Athlete,Washington D.C.,United States,36,29,Eliminated Week 6,11,Athlete,"Washington D.C., United States",11
Johnny Weir,Britt Stewart,Athlete,Pennsylvania,United States,36,29,Eliminated Week 10,6,Athlete,"Pennsylvania, United States",6
Nev Schulman,Jenna Johnson,Producer,New York,United States,35,29,2nd Place,2,Producer,"New York, United States",2
AJ McLean,Cheryl Burke,Singer/Rapper,Florida,United States,42,29,Eliminated Week 9,7,Singer/Rapper,"Florida, United States",7
Nelly,Daniella Karagach,Singer/Rapper,Texas,United States,45,29,3rd Place,3,Singer/Rapper,"Texas, United States",3
Kaitlyn Bristowe,Artem Chigvintsev,TV Personality,,Canada,35,29,1st Place,1,TV Personality,Canada,1
Carole Baskin,Pasha Pashkov,TV Personality,Texas,United States,59,29,Eliminated Week 3,14,TV Personality,"Texas, United States",14
Monica Aldama,Valentin Chmerkovskiy,TV Personality,Alabama,United States,48,29,Eliminated Week 7,10,TV Personality,"Alabama, United States",10
Jeannie Mai,Brandon Armstrong,TV Personality,California,United States,41,29,Withdrew,9,TV Personality,"California, United States",9
Martin Kove,Britt Stewart,Actor/Actress,New York,United States,75,30,Eliminated Week 2,15,Actor/Actress,"New York, United States",15
Brian Austin Green,Sharna Burgess,Actor/Actress,California,United States,48,30,Eliminated Week 4,13,Actor/Actress,"California, United States",13
Melora Hardin,Artem Chigvintsev,Actor/Actress,Texas,United States,54,30,Eliminated Week 9,6,Actor/Actress,"Texas, United States",6
Matt James,Lindsay Arnold,Athlete,North Carolina,United States,29,30,Eliminated Week 4,12,Athlete,"North Carolina, United States",12
"Mike ""The Miz"" Mizanin",Witney Carson,Athlete,Ohio,United States,40,30,Eliminated Week 7,9,Athlete,"Ohio, United States",9
Suni Lee,Sasha Farber,Athlete,Minnesota,United States,18,30,Eliminated Week 9,5,Athlete,"Minnesota, United States",5
Iman Shumpert,Daniella Karagach,Athlete,Illinois,United States,31,30,1st Place,1,Athlete,"Illinois, United States",1
Cody Rigsby,Cheryl Burke,Fitness Instructor,California,United States,34,30,3rd Place,3,Fitness Instructor,"California, United States",3
Melanie C,Gleb Savchenko,Singer/Rapper,,England,47,30,Eliminated Week 5,11,Singer/Rapper,England,11
Jimmie Allen,Emma Slater,Singer/Rapper,Delaware,United States,36,30,Eliminated Week 8,7,Singer/Rapper,"Delaware, United States",7
Olivia Jade,Valentin Chmerkovskiy,Social Media Personality,California,United States,21,30,Eliminated Week 8,8,Social Media Personality,"California, United States",8
JoJo Siwa,Jenna Johnson,Social Media Personality,Nebraska,United States,18,30,2nd Place,2,Social Media Personality,"Nebraska, United States",2
Christine Chiu,Pasha Pashkov,TV Personality,,Taiwan China,38,30,Eliminated Week 3,14,TV Personality,Taiwan China,14
Kenya Moore,Brandon Armstrong,TV Personality,Michigan,United States,50,30,Eliminated Week 6,10,TV Personality,"Michigan, United States",10
Amanda Kloots,Alan Bersten,TV Personality,Ohio,United States,39,30,4th Place,4,TV Personality,"Ohio, United States",4
Jason Lewis,Peta Murgatroyd,Actor/Actress,California,United States,51,31,Eliminated Week 1,16,Actor/Actress,"California, United States",16
Cheryl Ladd,Louis van Amstel,Actor/Actress,South Dakota,United States,71,31,Eliminated Week 3,14,Actor/Actress,"South Dakota, United States",14
Selma Blair,Sasha Farber,Actor/Actress,Michigan,United States,50,31,Withdrew,12,Actor/Actress,"Michigan, United States",12
Joseph Baena,Daniella Karagach,Actor/Actress,California,United States,24,31,Eliminated Week 5,11,Actor/Actress,"California, United States",11
Trevor Donovan,Emma Slater,Actor/Actress,California,United States,39,31,Eliminated Week 9,6,Actor/Actress,"California, United States",6
Daniel Durant,Britt Stewart,Actor/Actress,Michigan,United States,32,31,Eliminated Week 9,5,Actor/Actress,"Michigan, United States",5
Wayne Brady,Witney Carson,Comedian,Georgia,United States,50,31,3rd Place,3,Comedian,"Georgia, United States",3
Sam Champion,Cheryl Burke,News Anchor,Kentucky,United States,61,31,Eliminated Week 4,13,News Anchor,"Kentucky, United States",13
Jessie James Decker,Alan Bersten,Singer/Rapper,,Italy,34,31,Eliminated Week 6,10,Singer/Rapper,Italy,10
Jordin Sparks,Brandon Armstrong,Singer/Rapper,Arizona,United States,32,31,Eliminated Week 7,9,Singer/Rapper,"Arizona, United States",9
Heidi D'Amelio,Artem Chigvintsev,Social Media Personality,Louisiana,United States,50,31,Eliminated Week 8,8,Social Media Personality,"Louisiana, United States",8
Charli D'Amelio,Mark Ballas,Social Media Personality,Connecticut,United States,18,31,1st Place,1,Social Media Personality,"Connecticut, United States",1
Teresa Giudice,Pasha Pashkov,TV Personality,New Jersey,United States,50,31,Eliminated Week 2,15,TV Personality,"New Jersey, United States",15
Vinny Guadagnino,Koko Iwasaki,TV Personality,New York,United States,34,31,Eliminated Week 8,7,TV Personality,"New York, United States",7
Shangela,Gleb Savchenko,TV Personality,Texas,United States,40,31,4th Place,4,TV Personality,"Texas, United States",4
Gabby Windey,Valentin Chmerkovskiy,TV Personality,Illinois,United States,31,31,2nd Place,2,TV Personality,"Illinois, United States",2
Jamie Lynn Spears,Alan Bersten,Actor/Actress,Mississippi,United States,32,32,Eliminated Week 2,13,Actor/Actress,"Mississippi, United States",13
Mira Sorvino,Gleb Savchenko,Actor/Actress,New York,United States,55,32,Eliminated Week 5,10,Actor/Actress,"New York, United States",10
Barry Williams,Peta Murgatroyd,Actor/Actress,California,United States,68,32,Eliminated Week 8,7,Actor/Actress,"California, United States",7
Alyson Hannigan,Sasha Farber,Actor/Actress,Washington D.C.,United States,49,32,5th Place,5,Actor/Actress,"Washington D.C., United States",5
Xochitl Gomez,Valentin Chmerkovskiy,Actor/Actress,California,United States,17,32,1st Place,1,Actor/Actress,"California, United States",1
Adrian Peterson,Britt Stewart,Athlete,Texas,United States,38,32,Eliminated Week 4,11,Athlete,"Texas, United States",11
Matt Walsh,Koko Iwasaki,Comedian,Illinois,United States,58,32,Eliminated Week 1,14,Comedian,"Illinois, United States",14
Tyson Beckford,Jenna Johnson,Model,New York,United States,52,32,Eliminated Week 3,12,Model,"New York, United States",12
Jason Mraz,Daniella Karagach,Singer/Rapper,Virginia,United States,46,32,2nd Place,2,Singer/Rapper,"Virginia, United States",2
Lele Pons,Brandon Armstrong,Social Media Personality,,Venezuela,27,32,Eliminated Week 7,8,Social Media Personality,Venezuela,8
Harry Jowsey,Rylee Arnold,TV Personality,,Australia,26,32,Eliminated Week 9,6,TV Personality,Australia,6
Mauricio Umansky,Emma Slater,TV Personality,,Mexico,53,32,Eliminated Week 6,9,TV Personality,Mexico,9
Charity Lawson,Artem Chigvintsev,TV Personality,Georgia,United States,27,32,4th Place,4,TV Personality,"Georgia, United States",4
Ariana Madix,Pasha Pashkov,TV Personality,Florida,United States,38,32,3rd Place,3,TV Personality,"Florida, United States",3
Tori Spelling,Pasha Pashkov,Actor/Actress,California,United States,51,33,Eliminated Week 2,12,Actor/Actress,"California, United States",12
Eric Roberts,Britt Stewart,Actor/Actress,California,United States,68,33,Eliminated Week 3,10,Actor/Actress,"California, United States",10
Reginald VelJohnson,Emma Slater,Actor/Actress,New York,United States,74,33,Eliminated Week 3,10,Actor/Actress,"New York, United States",10
Chandler Kinney,Brandon Armstrong,Actor/Actress,California,United States,24,33,3rd Place,3,Actor/Actress,"California, United States",3
Dwight Howard,Daniella Karagach,Athlete,Georgia,United States,38,33,Eliminated Week 7,6,Athlete,"Georgia, United States",6
Danny Amendola,Witney Carson,Athlete,Texas,United States,39,33,5th Place,5,Athlete,"Texas, United States",5
Stephen Nedoroscik,Rylee Arnold,Athlete,Florida,United States,26,33,4th Place,4,Athlete,"Florida, United States",4
Ilona Maher,Alan Bersten,Athlete,California,United States,28,33,2nd Place,2,Athlete,"California, United States",2
Anna Delvey,Ezra Sosa,Con artist,,Russia,33,33,Eliminated Week 2,12,Con artist,Russia,12
Brooks Nader,Gleb Savchenko,Model,New York,United States,27,33,Eliminated Week 4,9,Model,"New York, United States",9
Phaedra Parks,Val Chmerkovskiy,TV Personality,Georgia,United States,51,33,Eliminated Week 5,8,TV Personality,"Georgia, United States",8
Jenn Tran,Sasha Farber,TV Personality,Florida,United States,26,33,Eliminated Week 6,7,TV Personality,"Florida, United States",7
Joey Graziadei,Jenna Johnson,TV Personality,Louisiana,United States,29,33,1st Place,1,TV Personality,"Louisiana, United States",1
Corey Feldman,Jenna Johnson,Actor/Actress,California,United States,54,34,Eliminated Week 2,13,Actor/Actress,"California, United States",13
Danielle Fishel,Pasha Pashkov,Actor/Actress,California,United States,44,34,Eliminated Week 8,8,Actor/Actress,"California, United States",8
Elaine Hendrix,Alan Bersten (Rashad Jennings week 9),Actor/Actress,Georgia,United States,55,34,5th Place,5,Actor/Actress,"Georgia, United States",5
Baron Davis,Britt Stewart,Athlete,California,United States,46,34,Eliminated Week 2,13,Athlete,"California, United States",13
Jordan Chiles,Ezra Sosa (Apolo Anton Ohno week 9),Athlete,Texas,United States,24,34,3rd Place,3,Athlete,"Texas, United States",3
Andy Richter,Emma Slater/Kaitlyn Bristowe (week 9),Comedian,California,United States,59,34,Eliminated Week 9,7,Comedian,"California, United States",7
Robert Irwin,Witney Carson (Xoshitl Gomez week 9),Conservationist,,Australia,22,34,1st Place,1,Conservationist,Australia,1
Hilaria Baldwin,Gleb Savchenko,Entrepreneur,New York,United States,41,34,Eliminated Week 4,11,Entrepreneur,"New York, United States",11
Lauren Jauregui,Brandon Armstrong,Singer/Rapper,Florida,United States,29,34,Eliminated Week 3,12,Singer/Rapper,"Florida, United States",12
Scott Hoying,Rylee Arnold,Singer/Rapper,California,United States,34,34,Eliminated Week 6,10,Singer/Rapper,"California, United States",10
Alix Earle,Val Chmerkovskiy (Joey Graziadei week 9),Social media personality,Florida,United States,24,34,2nd Place,2,Social media personality,"Florida, United States",2
Jen Affleck,Jan Ravnik,TV Personality,Utah,United States,26,34,Eliminated Week 7,9,TV Personality,"Utah, United States",9
Whitney Leavitt,Mark Ballas,TV Personality,Utah,United States,32,34,Eliminated Week 10,6,TV Personality,"Utah, United States",6
Dylan Efron,Daniella Karagach (Rumer Willis week 9),TV Personality,California,United States,33,34,4th Place,4,TV Personality,"California, United States",4
