season,celebrity_name,ballroom_partner,age,industry_clean,home_state_clean,home_country_clean,survival_weeks,final_placement,judge_avg_score,fan_vote_percent
1,Evander Holyfield,Edyta Sliwinska,42,Athlete,Alabama,United States,3,5,5.0,0.16529543204151936
1,Joey McIntyre,Ashly DelGrosso,32,Singer/Rapper,Massachusetts,United States,5,3,7.033333333333333,0.16328196980506243
1,John O'Hurley,Charlotte Jorgensen,50,Actor/Actress,Maine,United States,6,2,8.055555555555555,0.37359398585948833
1,Kelly Monaco,Alec Mazo,29,Actor/Actress,Pennsylvania,United States,6,1,7.111111111111111,0.2641708408117553
1,Rachel Hunter,Jonathan Roberts,35,Model,Unknown,New Zealand,4,4,7.916666666666667,0.15919941292926212
1,Trista Sutter,Louis van Amstel,32,TV Personality,Indiana,United States,2,6,6.166666666666666,0.1121586215528097
2,Drew Lachey,Cheryl Burke,29,Singer/Rapper,Ohio,United States,8,1,9.145825,0.1517706324414152
2,George Hamilton,Edyta Sliwinska,66,Actor/Actress,Tennessee,United States,6,5,7.222222222222222,0.14179026902864242
2,Giselle Fernandez,Jonathan Roberts,44,News Anchor,Unknown,Mexico,3,8,7.666666666666667,0.08300105253307917
2,Jerry Rice,Anna Trebunskaya,43,Athlete,Mississippi,United States,8,2,7.506941666666666,0.23555963909883962
2,Kenny Mayne,Andrea Hale,46,Sports Broadcaster,Washington,United States,1,10,4.333333333333333,0.0629810592156165
2,Lisa Rinna,Louis van Amstel,42,Actor/Actress,California,United States,7,4,8.023809523809524,0.13090458161331797
2,Master P,Ashly DelGrosso,35,Singer/Rapper,Louisiana,United States,4,7,4.166666666666667,0.15144837061850994
2,Stacy Keibler,Tony Dovolani,26,Athlete,Maryland,United States,8,3,9.173604166666667,0.13988236212102034
2,Tatum O'Neal,Nick Kosovich,42,Actor/Actress,California,United States,2,9,6.666666666666667,0.13715572650932675
2,Tia Carrere,Maksim Chmerkoskiy,39,Actor/Actress,Hawaii,United States,5,6,7.666666666666667,0.16462721858743387
3,Emmitt Smith,Cheryl Burke,37,Athlete,Florida,United States,10,1,8.588886666666667,0.4840303585452328
3,Harry Hamlin,Ashly DelGrosso,54,Actor/Actress,California,United States,3,9,6.666666666666667,0.003644047974076666
3,Jerry Springer,Kym Johnson,62,TV Personality,Unknown,England,7,5,6.809523809523809,0.016047125827403603
3,Joey Lawrence,Edyta Sliwinska,30,Actor/Actress,Pennsylvania,United States,9,3,8.62962962962963,0.010159527432636267
3,Mario Lopez,Karina Smirnoff,32,Actor/Actress,California,United States,10,2,8.955553333333333,0.4832844969020934
3,Monique Coleman,Louis van Amstel,25,Actor/Actress,South Carolina,United States,8,4,8.3125,0.0012671095049508192
3,Sara Evans,Tony Dovolani,35,Singer/Rapper,Missouri,United States,5,6,7.0,0.01901298584180916
3,Shanna Moakler,Jesse DeSoto,31,Model,Rhode Island,United States,2,10,6.666666666666666,4.266928471793539e-19
3,Tucker Carlson,Elena Grinenko,37,TV Personality,California,United States,1,11,4.0,4.454334511373552e-19
3,Vivica A. Fox,Nick Kosovich,42,Actor/Actress,Indiana,United States,4,8,8.083333333333332,1.0714872261894287e-18
3,Willa Ford,Maksim Chmerkoskiy,25,Singer/Rapper,Florida,United States,5,7,8.133333333333335,0.0013903737340603402
4,Apolo Anton Ohno,Julianne Hough,24,Athlete,Washington,United States,10,1,8.961106666666668,0.3178052924154269
4,Billy Ray Cyrus,Karina Smirnoff,45,Singer/Rapper,Kentucky,United States,8,5,6.333333333333333,0.027518506628717264
4,Clyde Drexler,Elena Grinenko,44,Athlete,Louisiana,United States,5,8,5.2,0.02200080488863604
4,Heather Mills,Jonathan Roberts,39,Model,Unknown,England,6,7,7.388888888888889,8.090410248916933e-05
4,Ian Ziering,Cheryl Burke,42,Actor/Actress,New Jersey,United States,9,4,8.092592592592592,0.0027643075707406892
4,Joey Fatone,Kym Johnson,30,Singer/Rapper,New York,United States,10,2,8.922216666666667,0.31780529277023545
4,John Ratzenberger,Edyta Sliwinska,59,Actor/Actress,Connecticut,United States,7,6,6.357142857142857,0.0145443552474054
4,Laila Ali,Maksim Chmerkoskiy,29,Athlete,Florida,United States,10,3,8.74444,0.3178052913280348
4,Leeza Gibbons,Tony Dovolani,50,TV Personality,South Carolina,United States,4,9,6.333333333333333,7.497034182551448e-05
4,Paulina Porizkova,Alec Mazo,41,Model,Unknown,Czechoslovakia,2,11,6.666666666666666,6.40833409930931e-11
4,Shandi Finnessey,Brian Fortuna,28,Beauty Pagent,Missouri,United States,3,10,6.666666666666667,0.0027381990162765337
5,Albert Reed,Anna Trebunskaya,22,Model,Florida,United States,2,11,7.0,1.2733646438458994e-05
5,Cameron Mathison,Edyta Sliwinska,38,Actor/Actress,Unknown,Canada,8,5,8.083333333333334,0.0035061278637517
5,Floyd Mayweather Jr. ,Karina Smirnoff,30,Athlete,Michigan,United States,4,9,6.916666666666667,0.007744133852761825
5,Helio Castroneves,Julianne Hough,32,Racing Driver,Unknown,Brazil,10,1,8.88333,0.3229175791554775
5,Jane Seymour,Tony Dovolani,56,Actor/Actress,Unknown,England,7,6,8.142857142857142,0.011348554273268058
5,Jennie Garth,Derek Hough,35,Actor/Actress,Illinois,United States,9,4,8.425925925925926,0.004345560479672409
5,Josie Maran,Alec Mazo,29,Model,California,United States,1,12,5.333333333333333,6.3950987517699695e-19
5,Marie Osmond,Jonathan Roberts,47,Singer/Rapper,Utah,United States,10,3,8.083333333333332,0.3229175794319988
5,Mark Cuban,Kym Johnson,49,TV Personality,Pennsylvania,United States,5,8,6.8,0.01265080986405202
5,Mel B,Maksim Chmerkoskiy,32,Singer/Rapper,Unknown,England,10,2,9.077773333333333,0.3229175798797483
5,Sabrina Bryan,Mark Ballas,23,Actor/Actress,California,United States,6,7,9.0,0.00013543632048509482
5,Wayne Newton,Cheryl Burke,65,Singer/Rapper,Virginia,United States,3,10,5.777777777777778,0.02360166608023857
6,Adam Carolla,Julianne Hough,43,Radio Personality,California,United States,4,9,6.166666666666666,0.000136207538014225
6,Cristian de la Fuente,Cheryl Burke,34,Actor/Actress,Unknown,Chile,10,3,8.25,0.32991061818102974
6,Jason Taylor,Edyta Sliwinska,33,Athlete,Pennsylvania,United States,10,2,8.716666666666665,0.32991061832193835
6,Kristi Yamaguchi,Mark Ballas,36,Athlete,California,United States,10,1,9.4,0.3299106192880525
6,Mario,Karina Smirnoff,21,Singer/Rapper,Maryland,United States,8,5,8.416666666666666,3.1810770083706406e-05
6,Marissa Jaret Winokur,Tony Dovolani,35,Actor/Actress,New York,United States,9,4,7.74074074074074,0.010952195480834833
6,Marlee Matlin,Fabian Sanchez,42,Actor/Actress,Illinois,United States,6,7,7.444444444444444,0.00016069814010056667
6,Monica Seles,Jonathan Roberts,34,Athlete,Unknown,Yugoslavia,2,11,5.0,7.843464088830143e-05
6,Penn Jillette,Kym Johnson,53,Magician,Massachusetts,United States,2,12,5.5,7.843464304539242e-05
6,Priscilla Presley,Louis van Amstel,62,Actor/Actress,New York,United States,5,8,7.6,0.00013999421499825377
6,Shannon Elizabeth,Derek Hough,34,Actor/Actress,Texas,United States,7,6,8.071428571428571,0.0001842529864742318
6,Steve Guttenberg,Anna Trebunskaya,49,Actor/Actress,New York,United States,3,10,6.111111111111111,1.4899020256650672e-05
7,Brooke Burke,Derek Hough,37,TV Personality,Connecticut,United States,10,1,8.983333333333333,0.3259890560915556
7,Cloris Leachman,Corky Ballas,82,Actor/Actress,Iowa,United States,6,7,5.833333333333333,0.009769039916867733
7,Cody Linley,Julianne Hough,18,Actor/Actress,Texas,United States,9,4,7.611111111111111,0.009638666412847456
7,Jeffrey Ross,Edyta Sliwinska,43,Comedian,New Jersey,United States,1,13,4.0,0.0257920958814709
7,Kim Kardashian,Mark Ballas,27,TV Personality,California,United States,2,11,5.916666666666667,0.0008261322487212503
7,Lance Bass,Lacey Schwimmer,29,Singer/Rapper,Mississippi,United States,10,3,8.116666666666667,0.3259890560894556
7,Maurice Greene,Cheryl Burke,34,Athlete,Kansas,United States,8,5,7.479166666666667,0.001573253987086875
7,Misty May-Treanor,Maksim Chmerkoskiy,31,Athlete,California,United States,2,10,7.0,0.0010092153098587016
7,Rocco DiSpirito,Karina Smirnoff,41,TV Personality,New York,United States,4,9,5.958333333333333,0.0053792087198215755
7,Susan Lucci,Tony Dovolani,61,Actor/Actress,New York,United States,7,6,7.30952380952381,0.000811530056976725
7,Ted McGinley,Inna Brayer,50,Actor/Actress,California,United States,1,12,6.166666666666667,2.803798736438365e-18
7,Toni Braxton,Alec Mazo,40,Singer/Rapper,Maryland,United States,5,8,7.433333333333333,0.0011439420453675001
7,Warren Sapp,Kym Johnson,35,Athlete,Florida,United States,10,2,8.083333333333332,0.3259890562572765
8,Belinda Carlisle,Jonathan Roberts,50,Singer/Rapper,California,United States,2,13,5.833333333333334,5.83592304274692e-17
8,Chuck Wicks,Julianne Hough,29,Singer/Rapper,Delaware,United States,8,6,7.645833333333334,0.017397444628474312
8,David Alan Grier,Kym Johnson,52,Actor/Actress,Michigan,United States,5,9,6.933333333333333,0.0007547170286990448
8,Denise Richards,Maksim Chmerkoskiy,38,Actor/Actress,Illinois,United States,3,12,6.111111111111111,3.128278520180556e-17
8,Gilles Marini,Cheryl Burke,33,Actor/Actress,Unknown,France,11,2,9.227272727272727,0.30652759943008195
8,Holly Madison,Dmitry Chaplin,30,TV Personality,Oregon,United States,4,11,5.75,9.190988153532301e-12
8,Lawrence Taylor,Edyta Sliwinska,50,Athlete,Virginia,United States,7,7,6.571428571428571,0.009396526373793943
8,Lil' Kim,Derek Hough,34,Singer/Rapper,New York,United States,9,5,8.518518518518519,0.010667954806118044
8,Melissa Rycroft,Tony Dovolani,26,TV Personality,Texas,United States,11,3,8.893939393939393,0.30652759918367467
8,Shawn Johnson,Mark Ballas,17,Athlete,Iowa,United States,11,1,8.818181818181818,0.3065275995012853
8,Steve Wozniak,Karina Smirnoff,58,Entrepreneur,California,United States,4,10,4.333333333333333,0.0205692949673245
8,Steve-O,Lacey Schwimmer,34,TV Personality,Unknown,England,6,8,5.277777777777778,0.014818787591110083
8,Ty Murray,Chelsie Hightower,39,Athlete,Arizona,United States,10,4,7.2666666666666675,0.04086588952389039
9,Aaron Carter,Karina Smirnoff,21,Singer/Rapper,Florida,United States,8,5,8.604154166666667,0.0006534243220383163
9,Ashley Hamiliton,Edyta Sliwinska,34,Actor/Actress,California,United States,1,16,6.3333,7.959669323456351e-07
9,Chuck Liddell,Anna Trebunskaya,39,Athlete,California,United States,4,11,6.25,1.0017875607598098e-06
9,Debi Mazar,Maksim Chmerkoskiy,45,Actor/Actress,New York,United States,3,12,6.666666666666667,8.738067773096439e-07
9,Donny Osmond,Kym Johnson,51,Singer/Rapper,Utah,United States,10,1,8.822206666666666,0.328983943180858
9,Joanna Krupa,Derek Hough,30,Model,Unknown,Poland,9,4,9.018511111111112,0.0008233201427200621
9,Kathy Ireland,Tony Dovolani,46,Model,California,United States,2,14,6.333316666666667,3.0602327871056817e-07
9,Kelly Osbourne,Louis van Amstel,24,TV Personality,Unknown,England,10,3,8.157386666666667,0.3289839424980316
9,Louie Vito,Chelsie Hightower,21,Athlete,Ohio,United States,6,8,7.1111,0.00324886927223985
9,Macy Gray,Jonathan Roberts,42,Singer/Rapper,Ohio,United States,1,15,6.3333,7.959669323462927e-07
9,Mark Dacascos,Lacey Schwimmer,45,Actor/Actress,Hawaii,United States,7,6,8.071419047619047,8.72662014043202e-05
9,Melissa Joan Hart,Mark Ballas,33,Actor/Actress,New York,United States,6,9,7.6111055555555565,0.0001009973582692649
9,Michael Irvin,Anna Demidova,43,Athlete,Florida,United States,7,7,6.452371428571429,0.010388718098742299
9,Mya,Dmitry Chaplin,29,Singer/Rapper,Washington D.C.,United States,10,2,9.477766666666666,0.32898394456071867
9,Natalie Coughlin,Alec Mazo,27,Athlete,California,United States,5,10,7.999986666666667,0.00023283863333838057
9,Tom DeLay,Cheryl Burke,62,Politician,Texas,United States,3,13,5.888877777777778,0.007746768713785833
10,Aiden Turner,Edyta Sliwinska,32,Actor/Actress,Unknown,England,4,9,5.875,0.004898701085552375
10,Buzz Aldrin,Ashly DelGrosso,80,Astronaut,New Jersey,United States,3,10,4.333333333333333,0.03478661230041697
10,Chad Ochocinco,Cheryl Burke,32,Athlete,Florida,United States,9,4,7.388885185185185,0.01620431494596801
10,Erin Andrews,Maksim Chmerkoskiy,32,Sports Broadcaster,Maine,United States,10,3,8.31666,0.3186344046940836
10,Evan Lysacek,Anna Trebunskaya,24,Athlete,Illinois,United States,10,2,8.762956666666666,0.3186344029884689
10,Jake Pavelka,Chelsie Hightower,32,TV Personality,Texas,United States,6,7,7.1111055555555565,0.0022673697960908503
10,Kate Gosselin,Tony Dovolani,35,TV Personality,Pennsylvania,United States,5,8,5.133333333333333,0.022217139289035102
10,Nicole Scherzinger,Derek Hough,31,Singer/Rapper,Hawaii,United States,10,1,9.359253333333333,0.3186344035171077
10,Niecy Nash,Louis van Amstel,40,Actor/Actress,California,United States,8,5,6.999991666666666,0.004517821670671915
10,Pamela Anderson,Damian Whitewood,42,Model,Unknown,Canada,7,6,7.809514285714286,0.0014774176655895734
10,Shannen Doherty,Mark Ballas,38,Actor/Actress,Tennessee,United States,2,11,6.333333333333334,1.0069915140994724e-19
11,Audrina Patridge,Tony Dovolani,25,TV Personality,California,United States,6,7,8.1111,0.00016384352571112705
11,Brandy,Maksim Chmerkoskiy,31,Singer/Rapper,Mississippi,United States,9,4,9.2037,0.0013309756994244334
11,Bristol Palin,Mark Ballas,19,TV Personality,Alaska,United States,10,3,7.63888,0.3184568998763262
11,David Hasselhoff,Kym Johnson,58,Actor/Actress,Maryland,United States,1,12,5.0,7.527749425877833e-05
11,Florence Henderson,Corky Ballas,76,Actor/Actress,Indiana,United States,5,8,6.366666666666666,0.00058659226727182
11,Jennifer Grey,Derek Hough,50,Actor/Actress,New York,United States,10,1,9.3,0.31845690200865345
11,Kurt Warner,Anna Trebunskaya,39,Athlete,Iowa,United States,8,5,7.708329166666667,0.04526036301743973
11,Kyle Massey,Lacey Schwimmer,19,Actor/Actress,Georgia,United States,10,2,8.52777,0.3184569024470587
11,Margaret Cho,Louis van Amstel,41,Comedian,California,United States,3,10,5.666666666666667,0.0007448973637346001
11,Michael Bolton,Chelsie Hightower,57,Singer/Rapper,Connecticut,United States,2,11,4.666666666666666,0.0006891852056343
11,Rick Fox,Cheryl Burke,41,Athlete,Unknown,Canada,7,6,8.333333333333332,0.008998268676024171
11,The Situation,Karina Smirnoff,28,TV Personality,New York,United States,4,9,5.583333333333334,0.000409757006437675
12,Chelsea Kane,Mark Ballas,22,Actor/Actress,Arizona,United States,10,3,8.92222,0.32443870568600597
12,Chris Jericho,Cheryl Burke,40,Athlete,New York,United States,6,7,7.444444444444444,4.000390412638551e-05
12,Hines Ward,Kym Johnson,35,Athlete,Unknown,South Korea,10,1,8.92222,0.3244387064730162
12,Kendra Wilkinson,Louis van Amstel,25,TV Personality,California,United States,7,6,7.404761904761905,0.010582219832705885
12,Kirstie Alley,Maksim Chmerkoskiy,60,Actor/Actress,Kansas,United States,10,2,8.216663333333333,0.3244387068068784
12,Mike Catherwood,Lacey Schwimmer,32,Radio Personality,California,United States,2,11,5.0,0.00010252995612653747
12,Petra Nemcova,Dmitry Chaplin,31,Model,Unknown,Czechoslovakia,5,8,7.066666666666667,1.1784075677427594e-05
12,Ralph Macchio,Karina Smirnoff,49,Actor/Actress,New York,United States,9,4,8.037037037037038,0.020322779368955865
12,Romeo,Chelsie Hightower,21,Singer/Rapper,Louisiana,United States,8,5,8.125,0.0009694392790355228
12,Sugar Ray Leonard,Anna Trebunskaya,54,Athlete,North Carolina,United States,4,9,6.25,0.00014845981021957574
12,Wendy Williams,Tony Dovolani,46,TV Personality,New Jersey,United States,3,10,5.111111111111112,0.00033496666762903335
13,Carson Kressley,Anna Trebunskaya,41,TV Personality,Pennsylvania,United States,5,8,6.466666666666667,0.01147799080546966
13,Chaz Bono,Lacey Schwimmer,42,TV Personality,California,United States,6,7,6.277777777777778,0.02157957562036045
13,Chynna Phillips,Tony Dovolani,43,Singer/Rapper,California,United States,4,9,7.5,1.1639753208491605e-18
13,David Arquette,Kym Johnson,40,Actor/Actress,Virginia,United States,7,6,7.357142857142857,0.008775382153210186
13,Elisabetta Canalis,Valentin Chmerkovskiy,33,Actor/Actress,Unknown,Italy,2,11,6.0,2.6487341944694457e-19
13,Hope Solo,Maksim Chmerkoskiy,30,Athlete,Washington,United States,9,4,7.685177777777778,0.009302493187526857
13,J.R. Martinez,Karina Smirnoff,28,Actor/Actress,Louisiana,United States,10,1,8.772216666666667,0.3188512436365434
13,Kristin Cavallari,Mark Ballas,24,TV Personality,Colorado,United States,3,10,7.222222222222221,2.0811599514038163e-18
13,Metta World Peace (Ron),Peta Murgatroyd,31,Athlete,New York,United States,1,12,4.666666666666667,8.877863891389847e-06
13,Nancy Grace,Tristan MacManus,51,TV Personality,Georgia,United States,8,5,7.041666666666666,0.012804538188784213
13,Ricki Lake,Derek Hough,42,Actor/Actress,New York,United States,10,3,8.86666,0.31885124421579636
13,Rob Kardashian,Cheryl Burke,24,TV Personality,California,United States,10,2,8.127766666666666,0.3188512416592711
14,Donald Driver,Peta Murgatroyd,37,Athlete,Texas,United States,10,1,9.038883333333334,0.3258909878111369
14,Gavin DeGraw,Karina Smirnoff,35,Singer/Rapper,New York,United States,5,9,7.133333333333333,0.00048939665407214
14,Gladys Knight,Tristan MacManus,67,Singer/Rapper,Georgia,United States,6,8,7.333333333333333,0.004002209067454317
14,Jack Wagner,Anna Trebunskaya,52,Actor/Actress,Missouri,United States,3,11,7.555555555555556,1.6835560107570964e-05
14,Jaleel White,Kym Johnson,35,Actor/Actress,California,United States,7,7,8.642847619047618,0.0005148127383085857
14,Katherine Jenkins,Mark Ballas,31,Singer/Rapper,Unknown,Wales,10,2,9.516663333333332,0.3258909886496846
14,Maria Menounos,Derek Hough,33,TV Personality,Massachusetts,United States,9,4,8.907403703703704,0.008624056122561756
14,Martina Navratilova,Tony Dovolani,55,Athlete,Unknown,Czechoslovakia,2,12,6.166666666666667,1.6419733682524614e-18
14,Melissa Gilbert,Maksim Chmerkoskiy,47,Actor/Actress,California,United States,8,5,7.75,0.014413015658396176
14,Roshon Fegan,Chelsie Hightower,20,Actor/Actress,California,United States,8,6,8.666658333333334,2.1891253406597898e-05
14,Sherri Sheperd,Valentin Chmerkovskiy,44,Actor/Actress,Illinois,United States,4,10,7.583333333333334,1.5039082322468532e-05
14,William Levy,Cheryl Burke,31,Actor/Actress,Unknown,Cuba,10,3,9.255553333333333,0.32589098851414455
15,Apolo Anton Ohno,Karina Smirnoff,30,Athlete,Washington,United States,9,5,9.4681,0.0005035737823278713
15,Bristol Palin,Mark Ballas,21,TV Personality,Alaska,United States,4,9,7.666666666666666,0.013636561546932699
15,Drew Lachey,Anna Trebunskaya,36,Singer/Rapper,Ohio,United States,3,11,7.555555555555556,0.0050803161700771335
15,Emmitt Smith,Cheryl Burke,43,Athlete,Florida,United States,9,4,9.372418518518518,0.012911574842934889
15,Gilles Marini,Peta Murgatroyd,36,Actor/Actress,Unknown,France,8,6,9.709479166666666,0.007300815393160337
15,Helio Castroneves,Chelsie Hightower,37,Racing Driver,Unknown,Brazil,3,10,7.777777777777779,1.2569681795790944e-18
15,Joey Fatone,Kym Johnson,35,Singer/Rapper,New York,United States,2,12,7.166666666666666,1.2871163096032403e-18
15,Kelly Monaco,Valentin Chmerkovskiy,36,Actor/Actress,Pennsylvania,United States,10,3,9.37684,0.3207637692784418
15,Kirstie Alley,Maksim Chmerkoskiy,61,Actor/Actress,Kansas,United States,8,7,8.3854125,0.015927683938513064
15,Melissa Rycroft,Tony Dovolani,29,TV Personality,Texas,United States,10,1,9.778690000000001,0.3207637700071711
15,Pamela Anderson,Tristan MacManus,45,Model,Unknown,Canada,1,13,5.666666666666667,1.3258479370768325e-08
15,Sabrina Bryan,Louis van Amstel,28,Actor/Actress,California,United States,6,8,9.375,0.00012256454562748173
15,Shawn Johnson,Derek Hough,20,Athlete,Iowa,United States,10,2,9.784246666666666,0.32076376796329126
16,Alexandra Raisman,Mark Ballas,18,Athlete,Massachusetts,United States,10,4,8.816666666666666,0.2440452908165205
16,Andy Dick,Sharna Burgess,47,Comedian,South Carolina,United States,7,7,6.30952380952381,2.3935378105361013e-05
16,D. L. Hughley,Cheryl Burke,50,Comedian,Virginia,United States,5,9,5.533333333333333,4.316582176819965e-05
16,Dorothy Hamill,Tristan MacManus,56,Athlete,Illinois,United States,2,12,6.0,7.57677213866e-05
16,Ingo Rademacher,Kym Johnson,41,Actor/Actress,Unknown,Germany,9,5,7.5,0.0032344053452673443
16,Jacoby Jones,Karina Smirnoff,28,Athlete,Louisiana,United States,10,3,8.399989999999999,0.25443703009338325
16,Kellie Pickler,Derek Hough,26,Singer/Rapper,North Carolina,United States,10,1,8.916666666666666,0.24924116012128944
16,Lisa Vanderpump,Gleb Savchenko,52,TV Personality,Unknown,England,4,10,6.25,6.419109499105965e-06
16,Sean Lowe,Peta Murgatroyd,29,TV Personality,Texas,United States,8,6,7.166666666666667,1.1011894071303168e-05
16,Victor Ortiz,Lindsay Arnold,26,Athlete,Kansas,United States,6,8,6.555555555555556,7.635257234218418e-05
16,Wynonna Judd,Tony Dovolani,48,Singer/Rapper,Kentucky,United States,3,11,5.666666666666667,4.571153911907803e-05
16,Zendaya,Valentin Chmerkovskiy,16,Actor/Actress,California,United States,10,2,9.099993333333334,0.24924116077403302
17,Amber Riley,Derek Hough,27,Actor/Actress,California,United States,11,1,9.51009393939394,0.24171615700950405
17,Bill Engvall,Emma Slater,56,Comedian,Texas,United States,11,4,7.803024242424243,0.24171615090216372
17,Bill Nye,Tyne Stecklein,57,TV Personality,Washington D.C.,United States,3,11,5.222222222222222,0.0035458397595248335
17,Brant Daugherty,Peta Murgatroyd,28,Actor/Actress,Ohio,United States,8,7,8.604166666666666,0.002781958219579738
17,Christina Milian,Mark Ballas,31,Singer/Rapper,New Jersey,United States,5,9,8.333333333333332,2.679139982686559e-06
17,Corbin Bleu,Karina Smirnoff,24,Actor/Actress,New York,United States,11,2,9.505039393939393,0.24171615322491372
17,Elizabeth Berkley Lauren,Valentin Chmerkovskiy,39,Actor/Actress,Michigan,United States,9,6,8.851844444444446,0.00860869512104141
17,Jack Osbourne,Cheryl Burke,27,TV Personality,Unknown,England,11,3,8.969687878787878,0.2417161505313086
17,Keyshawn Johnson,Sharna Burgess,41,Athlete,California,United States,2,12,5.833333333333334,2.8029787720392557e-18
17,Leah Remini,Tony Dovolani,43,Actor/Actress,New York,United States,10,5,8.566663333333334,0.02162691245876342
17,"Nicole ""Snooki"" Polizzi",Sasha Farber,25,TV Personality,Unknown,Chile,7,8,8.380952380952381,0.003666433203001057
17,Valerie Harper,Tristan MacManus,74,Actor/Actress,New York,United States,4,10,6.166666666666666,0.003042569455016525
18,Amy Purdy,Derek Hough,34,Athlete,Nevada,United States,10,2,11.305553333333332,0.24193131277737184
18,Billy Dee Williams,Emma Slater,76,Actor/Actress,New York,United States,2,10,5.0,0.02509262261082345
18,Candace Cameron Bure,Mark Ballas,37,Actor/Actress,California,United States,10,3,10.26666,0.2583929882211287
18,Charlie White,Sharna Burgess,26,Athlete,Michigan,United States,9,5,11.38888888888889,0.012323018402667255
18,Cody Simpson,Witney Carson,17,Singer/Rapper,Unknown,Australia,5,9,9.6,0.0009148946148817
18,Danica McKellar,Valentin Chmerkovskiy,39,Actor/Actress,California,United States,8,6,11.041666666666666,0.00625276724074125
18,Diana Nyad,Henry Byalikov,64,Athlete,New York,United States,1,12,6.0,2.19041990142397e-18
18,Drew Carey,Cheryl Burke,55,Comedian,Ohio,United States,6,8,9.166666666666666,0.012838286496771267
18,James Maslow,Peta Murgatroyd,23,Actor/Actress,New York,United States,10,4,11.0,0.22546963590684302
18,Meryl Davis,Maksim Chmerkoskiy,27,Athlete,Michigan,United States,10,1,11.6,0.2419313127632286
18,NeNe Leakes,Tony Dovolani,46,TV Personality,New York,United States,7,7,9.857142857142858,0.004289823212522301
18,Sean Avery,Karina Smirnoff,33,Athlete,Unknown,Canada,2,11,6.833333333333334,1.2665518459379156e-17
19,Alfonso Ribeiro,Witney Carson,42,Actor/Actress,New York,United States,11,1,12.242424242424242,0.23812387887596242
19,Antonio Sabato Jr.,Cheryl Burke,42,Actor/Actress,Unknown,Italy,7,8,9.5,0.0125666962118053
19,Bethany Mota,Derek Hough,18,Social Media Personality,California,United States,11,4,12.015151515151514,0.2381238785081723
19,Betsey Johnson,Tony Dovolani,72,Fashion Designer,Connecticut,United States,4,10,8.833333333333334,0.002702048213961075
19,Janel Parrish,Valentin Chmerkovskiy,25,Actor/Actress,Hawaii,United States,11,3,12.0606,0.23812387871388327
19,Jonathan Bennett,Allison Holker,33,Actor/Actress,Ohio,United States,6,9,9.555555555555555,0.01174584223127155
19,Lea Thompson,Artem Chigvintsev,53,Actor/Actress,Minnesota,United States,9,6,11.296296296296296,0.00018546466440858683
19,Lolo Jones,Keo Motsepe,32,Athlete,Iowa,United States,1,13,7.333333333333333,0.0
19,Michael Waltrip,Emma Slater,51,Racing Driver,Kentucky,United States,8,7,8.541666666666668,0.013774122538321162
19,Randy Couture,Karina Smirnoff,51,Athlete,Washington,United States,3,11,9.444444444444445,4.40835881676675e-05
19,Sadie Robertson,Mark Ballas,17,TV Personality,Louisiana,United States,11,2,11.722218181818182,0.23812387920194356
19,Tavis Smiley,Sharna Burgess,50,Radio Personality,Mississippi,United States,2,12,9.5,2.168265465135913e-18
19,Tommy Chong,Peta Murgatroyd,76,Comedian,Unknown,Canada,10,5,9.55,0.02413047989235591
20,Charlotte McKinney,Keo Motsepe,21,Model,Florida,United States,3,11,7.777777777777778,0.013328907753573434
20,Chris Soules,Witney Carson,33,TV Personality,Iowa,United States,8,5,9.458333333333334,0.028976968495253413
20,Michael Sam,Peta Murgatroyd,25,Athlete,Texas,United States,4,10,9.0,0.006628969048962525
20,Nastia Liukin,Derek Hough,25,Athlete,Unknown,Russia,9,4,12.12962962962963,0.001419914860622279
20,Noah Galloway,Sharna Burgess,33,Motivational Speaker,Alabama,United States,10,3,10.683333333333334,0.3126331748175585
20,Patti LaBelle,Artem Chigvintsev,70,Singer/Rapper,Pennsylvania,United States,6,8,9.222222222222223,0.01044731238198715
20,Redfoo,Emma Slater,39,Singer/Rapper,California,United States,2,12,8.833333333333334,0.0
20,Riker Lynch,Allison Holker,23,Actor/Actress,Colorado,United States,10,2,12.1,0.3126345213926697
20,Robert Herjavec,Kym Johnson,52,Entrepreneur,Unknown,Croatia,8,6,9.9375,0.025344418474494274
20,Rumer Willis,Valentin Chmerkovskiy,26,Actor/Actress,Kentucky,United States,10,1,12.083333333333332,0.31263385322721254
20,Suzanne Somers,Tony Dovolani,68,Actor/Actress,California,United States,5,9,8.933333333333334,0.00866812532306442
20,Willow Shields,Mark Ballas,14,Actor/Actress,New Mexico,United States,7,7,11.30952380952381,0.0001581536797418997
21,Alek Skarlatos,Lindsay Arnold,22,Military,California,United States,11,3,8.90908787878788,0.25089770658026284
21,Alexa PenaVega,Mark Ballas,27,Actor/Actress,Florida,United States,9,6,9.499992592592593,0.0011470977526170222
21,Andy Grammer,Allison Holker,31,Singer/Rapper,California,United States,8,7,9.291658333333334,0.0008810742816456843
21,Bindi Irwin,Derek Hough,17,TV Personality,Unknown,Australia,11,1,10.106060606060607,0.2416788909212727
21,Carlos PenaVega,Witney Carson,26,Actor/Actress,Missouri,United States,11,4,9.818175757575757,0.2324600767601864
21,Chaka Khan,Keo Motsepe,62,Singer/Rapper,Illinois,United States,2,13,4.666666666666666,0.012936467125803049
21,Gary Busey,Anna Trebunskaya,71,Actor/Actress,Texas,United States,4,10,6.041666666666667,0.0074987149167924
21,Hayes Grier,Emma Slater,15,Social Media Personality,North Carolina,United States,7,8,9.071428571428571,0.0003582478182370571
21,Kim Zolciak-Biermann,Tony Dovolani,37,TV Personality,Florida,United States,2,11,5.083333333333334,3.2004276334768004e-07
21,Nick Carter,Sharna Burgess,35,Singer/Rapper,New York,United States,11,2,9.93939393939394,0.24167889183761232
21,Paula Deen,Louis van Amstel,68,TV Personality,Georgia,United States,6,9,6.75,0.0009568687151422416
21,Tamar Braxton,Valentin Chmerkovskiy,38,Singer/Rapper,Maryland,United States,9,5,9.481481481481481,0.031626481071221846
21,Victor Espinoza,Karina Smirnoff,43,Athlete,Unknown,Mexico,2,12,5.583333333333334,2.941083946043967e-07
22,Antonio Brown,Sharna Burgess,27,Athlete,Florida,United States,9,5,8.462962962962962,0.014898466991940232
22,Doug Flutie,Karina Smirnoff,53,Athlete,Maryland,United States,6,9,7.111111111111112,0.011882177126875934
22,Geraldo Rivera,Edyta Sliwinska,72,Journalist,New York,United States,2,12,4.333333333333333,3.0450257927709984e-18
22,Ginger Zee,Valentin Chmerkovskiy,35,News Anchor,California,United States,10,3,9.027773333333332,0.31774953036808495
22,Jodie Sweetin,Keo Motsepe,34,Actor/Actress,California,United States,8,6,8.604166666666666,0.0023808826092124877
22,Kim Fields,Sasha Farber,46,Actor/Actress,New York,United States,7,8,8.142857142857142,2.5214926429775075e-06
22,Marla Maples,Tony Dovolani,52,TV Personality,Georgia,United States,4,10,7.5,3.107349293979841e-06
22,Mischa Barton,Artem Chigvintsev,30,Actor/Actress,Unknown,England,3,11,5.444444444444444,9.49265042756297e-07
22,Nyle DiMarco,Peta Murgatroyd,26,Model,New York,United States,10,1,9.283326666666667,0.3177495306968674
22,Paige VanZant,Mark Ballas,22,Athlete,Oregon,United States,10,2,9.255553333333333,0.31774953070880796
22,Von Miller,Witney Carson,27,Athlete,Texas,United States,7,7,8.19047619047619,0.00014178829327330606
22,Wanya Morris,Lindsay Arnold,42,Singer/Rapper,Pennsylvania,United States,9,4,9.166666666666666,0.02689581222291769
23,Amber Rose,Maksim Chmerkoskiy,32,Model,Pennsylvania,United States,6,9,8.277777777777779,0.00015726418596827813
23,Babyface,Allison Holker,57,Singer/Rapper,Indiana,United States,4,11,8.25,4.5644915158790047e-11
23,Calvin Johnson Jr.,Lindsay Arnold,30,Athlete,Georgia,United States,11,3,10.313124242424243,0.24126286952770667
23,Jake T. Austin,Jenna Johnson,21,Actor/Actress,New York,United States,2,13,7.666666666666666,7.512212096822997e-11
23,James Hinchcliffe,Sharna Burgess,29,Racing Driver,Unknown,Canada,11,2,10.924230303030303,0.24126286891773188
23,Jana Kramer,Gleb Savchenko,32,Singer/Rapper,Michigan,United States,11,4,10.303030303030303,0.24126286896754526
23,Laurie Hernandez,Valentin Chmerkovskiy,16,Athlete,New Jersey,United States,11,1,10.994945454545455,0.24126286964109792
23,Marilu Henner,Derek Hough,64,Actor/Actress,Illinois,United States,9,6,9.444444444444445,0.01914163757245971
23,Maureen McCormick,Artem Chigvintsev,60,Actor/Actress,California,United States,7,8,8.952380952380953,0.00022868015043473792
23,Rick Perry,Emma Slater,66,Politician,Texas,United States,3,12,7.222222222222222,0.004782875058717633
23,Ryan Lochte,Cheryl Burke,32,Athlete,New York,United States,8,7,8.666666666666666,0.0009471763128337025
23,Terra Jole,Sasha Farber,36,TV Personality,Texas,United States,10,5,9.816666666666666,0.01750932965973323
23,Vanilla Ice,Witney Carson,48,Singer/Rapper,Texas,United States,4,10,8.083333333333334,0.003148834071088475
24,Bonner Bolton,Sharna Burgess,29,Athlete,Texas,United States,8,5,9.479166666666666,0.02109532919947374
24,Charo,Keo Motsepe,66,Actor/Actress,Unknown,Spain,3,11,7.777777777777779,0.0006252059351324334
24,Chris Kattan,Witney Carson,46,Comedian,California,United States,2,12,6.5,0.00032101729896860003
24,David Ross,Lindsay Arnold,40,Athlete,Georgia,United States,10,2,10.427776666666666,0.3163082088992779
24,Erika Jayne,Gleb Savchenko,45,Singer/Rapper,Georgia,United States,5,9,9.333333333333332,0.00121589063034828
24,Heather Morris,Maksim Chmerkoskiy,30,Actor/Actress,California,United States,6,8,10.944444444444445,1.1444363256842482e-05
24,Mr. T,Kym Herjavec,64,Actor/Actress,Illinois,United States,4,10,7.833333333333334,0.001104734098770075
24,Nancy Kerrigan,Artem Chigvintsev,47,Athlete,Massachusetts,United States,7,7,10.833333333333332,0.011203834877720828
24,Nick Viall,Peta Murgatroyd,36,TV Personality,Wisconsin,United States,7,6,9.69047619047619,0.0233287043593778
24,Normani,Valentin Chmerkovskiy,20,Singer/Rapper,Georgia,United States,10,3,11.961106666666666,0.3163082103284255
24,Rashad Jennings,Emma Slater,32,Athlete,Virginia,United States,10,1,11.72222,0.3163082097328587
24,Simone Biles,Sasha Farber,20,Athlete,Ohio,United States,9,4,11.722222222222221,0.009686510445466444
25,Barbara Corcoran,Keo Motsepe,68,Entrepreneur,New Jersey,United States,2,13,5.166666666666667,0.0004070763244909
25,Debbie Gibson,Alan Bersten,47,Singer/Rapper,New York,United States,2,12,6.25,0.00040707632934365004
25,Derek Fisher,Sharna Burgess,43,Athlete,Arkansas,United States,4,11,6.75,5.8868211883456384e-05
25,Drew Scott,Emma Slater,39,TV Personality,Unknown,Canada,10,4,8.4,0.24677508548516153
25,Frankie Muniz,Witney Carson,31,Actor/Actress,New Jersey,United States,10,3,8.962956666666667,0.246775086487713
25,Jordan Fisher,Lindsay Arnold,23,Actor/Actress,Alabama,United States,10,1,9.833333333333332,0.24677508646964444
25,Lindsey Stirling,Mark Ballas,31,Musician,California,United States,10,2,9.55,0.24677508601538456
25,Nick Lachey,Peta Murgatroyd,43,Singer/Rapper,Kentucky,United States,6,9,7.111111111111111,0.007512597494185616
25,Nikki Bella,Artem Chigvintsev,33,Athlete,California,United States,7,8,8.166666666666668,0.00013081567772875715
25,Sasha Pieterse,Gleb Savchenko,21,Actor/Actress,Unknown,South Africa,5,10,7.166666666666666,2.6301192513659658e-05
25,Terrell Owens,Cheryl Burke,43,Athlete,Alabama,United States,8,6,7.979166666666667,5.075303823749547e-05
25,Vanessa Lachey,Maksim Chmerkoskiy,36,TV Personality,Unknown,Philippines,7,7,8.5,0.00011341352010892989
25,Victoria Arlen,Valentin Chmerkovskiy,22,Athlete,New Hamshire,United States,9,5,8.462962962962964,0.008867784183034834
26,Adam Rippon,Jenna Johnson,28,Athlete,Pennsylvania,United States,4,1,10.916666666666666,0.33101729178915784
26,Arike Ogunbowale,Gleb Savchenko,21,Athlete,Wisconsin,United States,2,7,9.166666666666666,4.32198600919542e-19
26,Chris Mazdzer,Witney Carson,29,Athlete,Massachusetts,United States,3,5,9.666666666666666,0.0004291075900472333
26,Jamie Anderson,Artem Chigvintsev,27,Athlete,California,United States,1,10,6.333333333333333,0.0
26,Jennie Finch Daigle,Keo Motsepe,37,Athlete,California,United States,3,6,9.055555555555555,0.0008541018724934333
26,Johnny Damon,Emma Slater,44,Athlete,Kansas,United States,1,9,6.0,0.0047619047619047
26,Josh Norman,Sharna Burgess,30,Athlete,South Carolina,United States,4,2,10.166666666666666,0.33101729139913755
26,Kareem Abdul-Jabbar,Lindsay Arnold,71,Athlete,New York,United States,2,8,7.75,0.008946776870743
26,Mirai Nagasu,Alan Bersten,25,Athlete,California,United States,3,4,10.555555555555555,0.0004291394923245666
26,Tonya Harding,Sasha Farber,47,Athlete,Oregon,United States,4,3,9.916666666666668,0.33101729046970785
27,Alexis Ren,Alan Bersten,21,Social Media Personality,California,United States,9,4,8.833333333333334,0.23157765385955095
27,Bobby Bones,Sharna Burgess,38,Radio Personality,Arkansas,United States,9,1,7.462962962962964,0.23158776635879189
27,Danelle Umstead,Artem Chigvintsev,46,Athlete,New Mexico,United States,2,12,6.083333333333334,0.00038727150474155
27,DeMarcus Ware,Lindsay Arnold,36,Athlete,Alabama,United States,7,7,8.238095238095237,0.015207572637143544
27,Evanna Lynch,Keo Motsepe,27,Actor/Actress,Unknown,Ireland,9,3,8.685185185185185,0.23158737202024396
27,Joe Amabile,Jenna Johnson,32,TV Personality,Illinois,United States,8,6,6.25,0.04519853548805886
27,John Schneider,Emma Slater,58,Actor/Actress,New York,United States,7,8,7.214285714285714,0.019909851785948156
27,Juan Pablo Di Pace,Cheryl Burke,39,Actor/Actress,Unknown,Argentina,8,5,9.125,0.0062803878290147745
27,Mary Lou Retton,Sasha Farber,50,Athlete,West Virginia,United States,6,9,7.888888888888889,1.7974342316066312e-05
27,Milo Manheim,Witney Carson,17,Actor/Actress,California,United States,9,2,9.092592592592592,0.23158676755613283
27,Nancy McKeon,Valentin Chmerkovskiy,52,Actor/Actress,New York,United States,3,11,6.888888888888888,0.0014065104112966666
27,Nikki Glaser,Gleb Savchenko,34,Comedian,Ohio,United States,1,13,5.833333333333333,8.504327281942168e-05
27,Tinashe,Brandon Armstrong,25,Singer/Rapper,Kentucky,United States,4,10,8.5,2.591036532116174e-05
28,Ally Brooke,Sasha Farber,26,Singer/Rapper,Texas,United States,11,3,9.106060606060607,0.09857929921263811
28,Hannah Brown,Alan Bersten,24,TV Personality,Alabama,United States,11,1,8.924236363636364,0.11137106829119107
28,James Van Der Beek,Emma Slater,42,Actor/Actress,Connecticut,United States,10,5,8.849993333333334,0.15851018410969528
28,Karamo Brown,Jenna Johnson,38,TV Personality,Texas,United States,7,8,7.166666666666667,0.06849595769145495
28,Kate Flannery,Pasha Pashkov,55,Actor/Actress,Pennsylvania,United States,8,7,7.791658333333333,0.1887780240201389
28,Kel Mitchell,Witney Carson,41,Actor/Actress,Illinois,United States,11,2,8.803024242424241,0.13650706868750132
28,Lamar Odom,Peta Murgatroyd,39,Athlete,New York,United States,4,10,4.583333333333333,0.0809365540688398
28,Lauren Alaina,Gleb Savchenko,24,Singer/Rapper,Georgia,United States,11,4,8.5,0.1409273514143847
28,Mary Wilson,Brandon Armstrong,75,Singer/Rapper,Nevada,United States,2,12,5.333333333333334,0.0630086924161948
28,Ray Lewis,Cheryl Burke,44,Athlete,Florida,United States,2,11,5.0,0.0891077473623774
28,Sailor Brinkley-Cook,Valentin Chmerkovskiy,21,Model,New York,United States,6,9,7.833333333333333,0.08165956051931193
28,Sean Spicer,Lindsay Arnold,48,Politician,New York,United States,9,6,6.296296296296297,0.1051147933656117
29,AJ McLean,Cheryl Burke,42,Singer/Rapper,Florida,United States,9,7,7.8148074074074065,0.08027701381258646
29,Anne Heche,Keo Motsepe,51,Actor/Actress,Ohio,United States,4,13,6.0,0.1303416792962418
29,Carole Baskin,Pasha Pashkov,59,TV Personality,Texas,United States,3,14,4.333333333333333,0.04384597156329217
29,Charles Oakley,Emma Slater,56,Athlete,Ohio,United States,2,15,4.5,0.0526590349412467
29,Chrishell Stause,Gleb Savchenko,39,Actor/Actress,Kentucky,United States,8,8,7.125,0.1015745788340092
29,Jeannie Mai,Brandon Armstrong,41,TV Personality,California,United States,7,9,7.285714285714286,0.12271560584799289
29,Jesse Metcalfe,Sharna Burgess,41,Actor/Actress,California,United States,5,12,6.533333333333333,0.1045596571567301
29,Johnny Weir,Britt Stewart,36,Athlete,Pennsylvania,United States,10,6,8.35,0.07915072599577432
29,Justina Machado,Sasha Farber,48,Actor/Actress,Illinois,United States,11,4,8.363624242424242,0.13871780188869223
29,Kaitlyn Bristowe,Artem Chigvintsev,35,TV Personality,Unknown,Canada,11,1,8.666666666666666,0.07878477641663567
29,Monica Aldama,Valentin Chmerkovskiy,48,TV Personality,Alabama,United States,7,10,7.3809523809523805,0.06739047892666149
29,Nelly,Daniella Karagach,45,Singer/Rapper,Texas,United States,11,3,7.651515151515152,0.11887038591611371
29,Nev Schulman,Jenna Johnson,35,Producer,New York,United States,11,2,8.787872727272728,0.0834200100790826
29,Skai Jackson,Alan Bersten,18,Actor/Actress,New York,United States,10,5,7.849986666666666,0.10178084849171717
29,Veron Davis,Peta Murgatroyd,36,Athlete,Washington D.C.,United States,6,11,6.722222222222222,0.07101803364506569
30,Amanda Kloots,Alan Bersten,39,TV Personality,Ohio,United States,10,4,11.65,0.08070463870864919
30,Brian Austin Green,Sharna Burgess,48,Actor/Actress,California,United States,4,13,7.666666666666666,0.09561430449837525
30,Christine Chiu,Pasha Pashkov,38,TV Personality,Unknown,Taiwan China,3,14,7.777777777777779,0.047972342654076634
30,Cody Rigsby,Cheryl Burke,34,Fitness Instructor,California,United States,10,3,10.35,0.13093276320425695
30,Iman Shumpert,Daniella Karagach,31,Athlete,Illinois,United States,10,1,10.366666666666667,0.14476332501038733
30,Jimmie Allen,Emma Slater,36,Singer/Rapper,Delaware,United States,8,7,10.145833333333332,0.06542898201927523
30,JoJo Siwa,Jenna Johnson,18,Social Media Personality,Nebraska,United States,10,2,11.966666666666667,0.09170426163279578
30,Kenya Moore,Brandon Armstrong,50,TV Personality,Michigan,United States,6,10,9.36111111111111,0.13446626463344438
30,Martin Kove,Britt Stewart,75,Actor/Actress,New York,United States,2,15,4.666666666666666,0.09878876732176314
30,Matt James,Lindsay Arnold,29,Athlete,North Carolina,United States,4,12,7.875,0.08051102965553672
30,Melanie C,Gleb Savchenko,47,Singer/Rapper,Unknown,England,5,11,9.866666666666665,0.05714170774974796
30,Melora Hardin,Artem Chigvintsev,54,Actor/Actress,Texas,United States,9,6,11.055555555555555,0.10691921075502117
30,"Mike ""The Miz"" Mizanin",Witney Carson,40,Athlete,Ohio,United States,7,9,9.642857142857142,0.09172596669711626
30,Olivia Jade,Valentin Chmerkovskiy,21,Social Media Personality,California,United States,8,8,10.875,0.06161546953683216
30,Suni Lee,Sasha Farber,18,Athlete,Minnesota,United States,9,5,10.981481481481483,0.08441531250493658
31,Charli D'Amelio,Mark Ballas,18,Social Media Personality,Connecticut,United States,10,1,12.633333333333333,0.09714303982652636
31,Cheryl Ladd,Louis van Amstel,71,Actor/Actress,South Dakota,United States,3,14,7.333333333333333,0.08658970389017485
31,Daniel Durant,Britt Stewart,32,Actor/Actress,Michigan,United States,9,5,10.87037037037037,0.07854959120747168
31,Gabby Windey,Valentin Chmerkovskiy,31,TV Personality,Illinois,United States,10,2,12.083333333333334,0.1978249095324162
31,Heidi D'Amelio,Artem Chigvintsev,50,Social Media Personality,Louisiana,United States,8,8,10.958333333333334,0.06622567879145227
31,Jason Lewis,Peta Murgatroyd,51,Actor/Actress,California,United States,1,16,6.0,0.1500601454214696
31,Jessie James Decker,Alan Bersten,34,Singer/Rapper,Unknown,Italy,6,10,9.444444444444445,0.056423244095955595
31,Jordin Sparks,Brandon Armstrong,32,Singer/Rapper,Arizona,United States,7,9,10.476190476190476,0.06590980185058001
31,Joseph Baena,Daniella Karagach,24,Actor/Actress,California,United States,5,11,9.266666666666667,0.07509526779639504
31,Sam Champion,Cheryl Burke,61,News Anchor,Kentucky,United States,4,13,8.0,0.05641291734610567
31,Selma Blair,Sasha Farber,50,Actor/Actress,Michigan,United States,5,12,10.4,0.09427607938382582
31,Shangela,Gleb Savchenko,40,TV Personality,Texas,United States,10,4,11.516666666666667,0.0908817885895317
31,Teresa Giudice,Pasha Pashkov,50,TV Personality,New Jersey,United States,2,15,7.166666666666667,0.04243029737757615
31,Trevor Donovan,Emma Slater,39,Actor/Actress,California,United States,9,6,10.61111111111111,0.08604676597428335
31,Vinny Guadagnino,Koko Iwasaki,34,TV Personality,New York,United States,8,7,8.979166666666666,0.11195291448370268
31,Wayne Brady,Witney Carson,50,Comedian,Georgia,United States,10,3,12.083333333333332,0.08676003250157513
32,Adrian Peterson,Britt Stewart,38,Athlete,Texas,United States,4,11,6.333333333333333,0.06626330193695058
32,Alyson Hannigan,Sasha Farber,49,Actor/Actress,Washington D.C.,United States,11,5,8.515151515151516,0.1847788013640642
32,Ariana Madix,Pasha Pashkov,38,TV Personality,Florida,United States,11,3,10.287878787878789,0.09353850042749888
32,Barry Williams,Peta Murgatroyd,68,Actor/Actress,California,United States,8,7,8.229166666666666,0.11217779638903629
32,Charity Lawson,Artem Chigvintsev,27,TV Personality,Georgia,United States,11,4,10.212121212121211,0.10749666119845024
32,Harry Jowsey,Rylee Arnold,26,TV Personality,Unknown,Australia,9,6,7.740740740740741,0.10796107749045385
32,Jamie Lynn Spears,Alan Bersten,32,Actor/Actress,Mississippi,United States,2,13,5.166666666666666,0.1057358959324443
32,Jason Mraz,Daniella Karagach,46,Singer/Rapper,Virginia,United States,11,2,10.287878787878789,0.10400225111506574
32,Lele Pons,Brandon Armstrong,27,Social Media Personality,Unknown,Venezuela,7,8,8.880952380952381,0.06449648601835004
32,Matt Walsh,Koko Iwasaki,58,Comedian,Illinois,United States,1,14,4.0,0.0613997751539948
32,Mauricio Umansky,Emma Slater,53,TV Personality,Unknown,Mexico,6,9,7.0,0.1480419852298259
32,Mira Sorvino,Gleb Savchenko,55,Actor/Actress,New York,United States,5,10,6.933333333333333,0.11502563085237552
32,Tyson Beckford,Jenna Johnson,52,Model,New York,United States,3,12,5.555555555555556,0.0601613015509049
32,Xochitl Gomez,Valentin Chmerkovskiy,17,Actor/Actress,California,United States,11,1,10.575757575757576,0.10088049355718803
33,Anna Delvey,Ezra Sosa,33,Con artist,Unknown,Russia,2,12,5.833333333333334,0.0566071803874452
33,Brooks Nader,Gleb Savchenko,27,Model,New York,United States,4,9,8.375,0.0654683036543311
33,Chandler Kinney,Brandon Armstrong,24,Actor/Actress,California,United States,9,3,9.685185185185185,0.11729588707928691
33,Danny Amendola,Witney Carson,39,Athlete,Texas,United States,9,5,8.925925925925927,0.11256175745957465
33,Dwight HowardÂ ,Daniella Karagach,38,Athlete,Georgia,United States,7,6,8.476190476190476,0.10665130095346396
33,Eric Roberts,Britt Stewart,68,Actor/Actress,California,United States,3,10,5.888888888888889,0.09893742419046636
33,Ilona Maher,Alan Bersten,28,Athlete,California,United States,9,2,8.592592592592592,0.1650030632985069
33,Jenn Tran,Sasha Farber,26,TV Personality,Florida,United States,6,7,8.75,0.15701743721744763
33,Joey Graziadei,Jenna Johnson,29,TV Personality,Louisiana,United States,9,1,9.555555555555555,0.09343549623885457
33,Phaedra Parks,Val Chmerkovskiy,51,TV Personality,Georgia,United States,5,8,8.266666666666667,0.09440328017020919
33,Reginald VelJohnson,Emma Slater,74,Actor/Actress,New York,United States,3,10,5.777777777777778,0.10152211630400793
33,Stephen Nedoroscik,Rylee Arnold,26,Athlete,Florida,United States,9,4,8.962962962962964,0.13881589313265572
33,Tori Spelling,Pasha Pashkov,51,Actor/Actress,California,United States,2,12,6.0,0.1094223987072358
34,Alix Earle,Val Chmerkovskiy (Joey Graziadei week 9),24,Social media personality,Florida,United States,11,2,10.045454545454545,0.08036570670981619
34,Andy Richter,Emma Slater/Kaitlyn Bristowe (week 9),59,Comedian,California,United States,9,7,7.555555555555555,0.08939429441907017
34,Baron Davis,Britt Stewart,46,Athlete,California,United States,2,13,4.666666666666667,0.0812242678063764
34,Corey Feldman,Jenna Johnson,54,Actor/Actress,California,United States,2,13,4.0,0.1029323664937359
34,Danielle Fishel,Pasha Pashkov,44,Actor/Actress,California,United States,8,8,8.75,0.12674399781598245
34,Dylan Efron,Daniella Karagach (Rumer Willis week 9),33,TV Personality,California,United States,11,4,9.661612121212121,0.20405934840082063
34,Elaine Hendrix,Alan Bersten (Rashad Jennings week 9),55,Actor/Actress,Georgia,United States,11,5,9.303024242424243,0.12406129723205521
34,Hilaria Baldwin,Gleb Savchenko,41,Entrepreneur,New York,United States,4,11,6.666666666666667,0.05932260998282428
34,Jen Affleck,Jan Ravnik,26,TV Personality,Utah,United States,7,9,8.142857142857142,0.059921111855845074
34,Jordan Chiles,Ezra Sosa (Apolo Anton Ohno week 9),24,Athlete,Texas,United States,11,3,9.853533333333333,0.11577979589666562
34,Lauren Jauregui,Brandon Armstrong,29,Singer/Rapper,Florida,United States,3,12,5.777777777777778,0.05324846855612833
34,Robert Irwin,Witney Carson (Xoshitl Gomez week 9),22,Conservationist,Unknown,Australia,11,1,10.065654545454546,0.08489474557111376
34,Scott Hoying,Rylee Arnold,34,Singer/Rapper,California,United States,6,10,7.166666666666667,0.06105902767555019
34,Whitney Leavitt,Mark Ballas,32,TV Personality,Utah,United States,10,6,10.35,0.09295784725411957
